Owner,Repository,Stars,Created At,Last Updated,Primary Language,Releases,Open Issues,Closed Issues,Closed Issues Ratio,Merged Pull Requests
freeCodeCamp,freeCodeCamp,426781,2014-12-24T17:49:19Z,2025-08-29T13:40:47Z,TypeScript,0,191,19655,0.99,25759
codecrafters-io,build-your-own-x,415049,2018-05-09T12:03:18Z,2025-08-29T14:09:44Z,Markdown,0,231,595,0.72,143
sindresorhus,awesome,395836,2014-07-11T13:42:37Z,2025-08-29T14:11:28Z,Unknown,0,14,340,0.96,679
EbookFoundation,free-programming-books,366700,2013-10-11T06:50:37Z,2025-08-29T13:50:14Z,Python,0,30,1152,0.97,6822
public-apis,public-apis,363296,2016-03-20T23:49:42Z,2025-08-29T14:04:17Z,Python,0,13,704,0.98,1872
kamranahmedse,developer-roadmap,334911,2017-03-15T13:45:52Z,2025-08-29T13:48:43Z,TypeScript,1,251,2693,0.91,3699
jwasham,coding-interview-university,325391,2016-06-06T02:34:12Z,2025-08-29T14:06:27Z,Unknown,0,63,453,0.88,415
donnemartin,system-design-primer,317963,2017-02-26T16:15:28Z,2025-08-29T14:10:27Z,Python,0,250,91,0.27,200
996icu,996.ICU,274197,2019-03-26T07:31:14Z,2025-08-29T13:53:24Z,Unknown,0,0,0,0.00,1071
vinta,awesome-python,257287,2014-06-27T21:00:06Z,2025-08-29T14:01:54Z,Python,0,0,0,0.00,544
awesome-selfhosted,awesome-selfhosted,244244,2015-06-01T02:33:17Z,2025-08-29T13:57:35Z,Unknown,1,0,806,1.00,2394
practical-tutorials,project-based-learning,241657,2017-04-12T05:07:46Z,2025-08-29T13:59:37Z,Unknown,0,131,80,0.38,182
facebook,react,238469,2013-05-24T16:15:54Z,2025-08-29T13:45:07Z,JavaScript,105,805,13214,0.94,12163
vuejs,vue,209310,2013-07-29T03:24:51Z,2025-08-29T09:18:00Z,TypeScript,249,355,9673,0.96,1133
TheAlgorithms,Python,205016,2016-07-16T09:44:01Z,2025-08-29T14:13:38Z,Python,0,70,1522,0.96,2997
torvalds,linux,200950,2011-09-04T22:48:12Z,2025-08-29T14:09:25Z,C,0,0,0,0.00,10
trekhleb,javascript-algorithms,193116,2018-03-24T07:47:04Z,2025-08-29T13:33:58Z,JavaScript,0,137,229,0.63,302
tensorflow,tensorflow,191378,2015-11-07T01:19:20Z,2025-08-29T13:38:44Z,C++,219,894,39863,0.98,36205
ossu,computer-science,191193,2014-05-04T00:18:39Z,2025-08-29T14:00:49Z,HTML,0,14,638,0.98,299
trimstray,the-book-of-secret-knowledge,184072,2018-06-23T10:43:14Z,2025-08-29T14:10:39Z,Unknown,0,0,0,0.00,122
getify,You-Dont-Know-JS,183085,2013-11-16T02:37:24Z,2025-08-29T13:34:56Z,Unknown,0,81,863,0.91,368
CyC2018,CS-Notes,181625,2018-02-13T14:56:24Z,2025-08-29T11:43:29Z,Unknown,0,123,448,0.78,374
ohmyzsh,ohmyzsh,181030,2009-08-28T18:15:37Z,2025-08-29T14:02:37Z,Shell,0,138,4826,0.97,3380
Significant-Gravitas,AutoGPT,178139,2023-03-16T09:21:07Z,2025-08-29T14:08:35Z,Python,69,163,3248,0.95,3235
microsoft,vscode,176192,2015-09-03T20:23:38Z,2025-08-29T14:03:33Z,TypeScript,177,12261,194017,0.94,36471
twbs,bootstrap,173189,2011-07-29T21:19:00Z,2025-08-29T13:40:16Z,MDX,94,409,22349,0.98,8997
flutter,flutter,172180,2015-03-06T22:54:58Z,2025-08-29T13:07:47Z,Dart,7,11958,97084,0.89,43983
jackfrued,Python-100-Days,171524,2018-03-01T16:05:52Z,2025-08-29T13:37:40Z,Jupyter Notebook,0,573,118,0.17,13
github,gitignore,168977,2010-11-08T20:17:14Z,2025-08-29T13:21:24Z,Unknown,0,0,0,0.00,1719
jlevy,the-art-of-command-line,157938,2015-05-20T15:11:03Z,2025-08-29T13:23:00Z,Unknown,0,122,136,0.53,317
AUTOMATIC1111,stable-diffusion-webui,156012,2022-08-22T14:05:26Z,2025-08-29T13:41:05Z,Python,27,2366,5468,0.70,1874
Snailclimb,JavaGuide,151472,2018-05-07T13:27:00Z,2025-08-29T13:41:51Z,Java,0,72,1032,0.93,1184
ollama,ollama,151175,2023-06-26T19:39:32Z,2025-08-29T14:03:09Z,Go,145,1797,6273,0.78,2482
avelino,awesome-go,151102,2014-07-06T13:42:15Z,2025-08-29T14:02:58Z,Go,0,6,682,0.99,3460
huggingface,transformers,148948,2018-10-29T13:56:00Z,2025-08-29T13:49:21Z,Python,224,1081,16770,0.94,16769
airbnb,javascript,147320,2012-11-01T23:13:50Z,2025-08-29T09:43:10Z,JavaScript,0,98,1271,0.93,810
massgravel,Microsoft-Activation-Scripts,146339,2020-01-12T23:03:34Z,2025-08-29T14:10:59Z,Batchfile,24,0,726,1.00,6
ytdl-org,youtube-dl,137095,2010-10-31T14:35:07Z,2025-08-29T14:13:35Z,Python,341,3647,23123,0.86,1642
vercel,next.js,134072,2016-10-05T23:32:51Z,2025-08-29T13:50:32Z,JavaScript,1000,2307,21117,0.90,23771
n8n-io,n8n,133622,2019-06-22T09:24:21Z,2025-08-29T14:14:42Z,TypeScript,386,651,4667,0.88,10753
f,awesome-chatgpt-prompts,133358,2022-12-05T13:54:13Z,2025-08-29T13:59:02Z,JavaScript,0,0,0,0.00,171
golang,go,129644,2014-08-19T04:33:40Z,2025-08-29T13:47:43Z,Go,0,9191,58809,0.86,1
yangshun,tech-interview-handbook,129291,2016-07-05T05:00:48Z,2025-08-29T13:33:01Z,TypeScript,0,41,74,0.64,482
labuladong,fucking-algorithm,129100,2020-02-19T09:01:23Z,2025-08-29T14:07:04Z,Markdown,1,1,920,1.00,238
Genymobile,scrcpy,127252,2017-11-21T18:00:27Z,2025-08-29T14:14:04Z,C,47,2454,3181,0.56,113
521xueweihan,HelloGitHub,126630,2016-05-04T06:24:11Z,2025-08-29T14:10:49Z,Python,57,195,2648,0.93,16
Chalarangelo,30-seconds-of-code,125129,2017-11-29T17:35:03Z,2025-08-29T13:46:47Z,JavaScript,12,0,300,1.00,827
yt-dlp,yt-dlp,124565,2020-10-26T04:22:55Z,2025-08-29T14:11:08Z,Python,119,1607,8209,0.84,2920
facebook,react-native,123583,2015-01-09T18:10:16Z,2025-08-29T13:29:34Z,C++,410,656,26554,0.98,933
microsoft,PowerToys,122712,2019-05-01T17:44:02Z,2025-08-29T14:06:53Z,C#,117,7009,27651,0.80,5686
electron,electron,118080,2013-04-12T01:47:36Z,2025-08-29T14:14:07Z,C++,1000,754,20311,0.96,23307
kubernetes,kubernetes,117143,2014-06-06T22:56:04Z,2025-08-29T14:03:21Z,Go,756,1888,45848,0.96,62330
krahets,hello-algo,115896,2022-11-04T11:08:34Z,2025-08-29T13:28:48Z,Java,9,12,258,0.96,946
justjavac,free-programming-books-zh_CN,115089,2013-11-04T01:59:19Z,2025-08-29T11:21:21Z,Unknown,3,0,0,0.00,282
langchain-ai,langchain,114444,2022-10-17T02:58:36Z,2025-08-29T13:56:06Z,Jupyter Notebook,956,226,8437,0.97,14534
nodejs,node,112993,2014-11-26T19:57:11Z,2025-08-29T12:37:12Z,JavaScript,457,1728,17758,0.91,10806
langgenius,dify,112501,2023-04-12T07:40:24Z,2025-08-29T14:05:20Z,TypeScript,141,601,12195,0.95,7231
d3,d3,111373,2010-09-27T17:22:42Z,2025-08-29T13:12:46Z,Shell,194,9,2220,1.00,493
ripienaar,free-for-dev,111055,2015-03-18T21:06:26Z,2025-08-29T13:46:41Z,HTML,0,0,0,0.00,2763
mrdoob,three.js,108316,2010-03-23T18:58:01Z,2025-08-29T14:06:49Z,JavaScript,171,452,12743,0.97,14439
open-webui,open-webui,108302,2023-10-06T22:08:27Z,2025-08-29T14:11:30Z,JavaScript,123,213,6051,0.97,2551
langflow-ai,langflow,108008,2023-02-08T22:28:03Z,2025-08-29T14:10:42Z,Python,263,432,2289,0.84,4683
axios,axios,107499,2014-08-18T22:30:27Z,2025-08-29T13:32:45Z,JavaScript,97,201,4644,0.96,1002
excalidraw,excalidraw,106162,2020-01-02T01:04:43Z,2025-08-29T13:24:29Z,TypeScript,14,1847,2407,0.57,3703
rust-lang,rust,106097,2010-06-16T20:39:03Z,2025-08-29T12:55:49Z,Rust,140,10623,48689,0.82,65819
microsoft,TypeScript,105754,2014-06-17T15:28:39Z,2025-08-29T13:21:24Z,TypeScript,212,5586,36893,0.87,14677
denoland,deno,104051,2018-05-15T01:34:26Z,2025-08-29T09:57:42Z,Rust,342,2278,10936,0.83,13370
goldbergyoni,nodebestpractices,104019,2017-09-15T08:33:19Z,2025-08-29T10:04:13Z,Dockerfile,0,43,285,0.87,765
facebook,create-react-app,103482,2016-07-17T14:55:11Z,2025-08-29T12:27:20Z,JavaScript,83,1835,6567,0.78,1949
GrowingGit,GitHub-Chinese-Top-Charts,101656,2019-09-05T03:01:56Z,2025-08-29T13:42:02Z,Java,0,179,161,0.47,0
godotengine,godot,100688,2014-01-04T16:05:36Z,2025-08-29T14:05:31Z,C++,61,12118,46094,0.79,38760
microsoft,terminal,99660,2017-08-11T18:38:22Z,2025-08-29T14:05:22Z,C++,138,1601,11876,0.88,4201
deepseek-ai,DeepSeek-V3,99061,2024-12-26T09:52:40Z,2025-08-29T14:09:55Z,Python,1,31,566,0.95,24
angular,angular,98575,2014-09-18T16:12:01Z,2025-08-29T13:45:37Z,TypeScript,474,1275,28232,0.96,3903
fatedier,frp,98043,2015-12-21T15:24:59Z,2025-08-29T14:10:34Z,Go,106,56,3855,0.99,687
papers-we-love,papers-we-love,97621,2013-12-15T14:31:41Z,2025-08-29T13:47:23Z,Shell,0,1,245,1.00,437
Hack-with-Github,Awesome-Hacking,96947,2016-03-30T15:47:10Z,2025-08-29T13:44:21Z,Unknown,0,0,0,0.00,34
iptv-org,iptv,96625,2018-11-14T22:00:57Z,2025-08-29T12:22:04Z,TypeScript,0,443,14597,0.97,6674
rustdesk,rustdesk,96598,2020-09-28T15:36:08Z,2025-08-29T14:11:30Z,Rust,31,54,3549,0.99,3649
mui,material-ui,96486,2014-08-18T19:11:54Z,2025-08-29T09:22:26Z,TypeScript,547,1614,18556,0.92,20830
microsoft,generative-ai-for-beginners,96310,2023-06-19T16:28:59Z,2025-08-29T13:42:38Z,Jupyter Notebook,0,9,169,0.95,396
tauri-apps,tauri,96046,2019-07-13T09:09:37Z,2025-08-29T12:55:22Z,Rust,1000,1122,4669,0.81,5188
ant-design,ant-design,95829,2015-04-24T15:37:24Z,2025-08-29T13:34:56Z,TypeScript,714,1230,30422,0.96,15814
shadcn-ui,ui,93854,2023-01-04T12:43:27Z,2025-08-29T14:03:48Z,TypeScript,53,973,2387,0.71,642
nvbn,thefuck,93789,2015-04-08T15:08:04Z,2025-08-29T13:40:16Z,Python,17,288,472,0.62,481
ryanmcdermott,clean-code-javascript,93725,2016-11-25T22:25:41Z,2025-08-29T14:11:11Z,JavaScript,0,72,163,0.69,149
Anduin2017,HowToCook,92919,2020-02-29T10:43:49Z,2025-08-29T14:05:44Z,Dockerfile,4,437,346,0.44,586
pytorch,pytorch,92762,2016-08-13T05:26:41Z,2025-08-29T14:07:15Z,Python,61,15566,37826,0.71,6193
iluwatar,java-design-patterns,92592,2014-08-09T16:45:18Z,2025-08-29T09:55:42Z,Java,0,129,830,0.87,1507
neovim,neovim,92358,2014-01-31T13:39:22Z,2025-08-29T13:09:22Z,Vim Script,45,1653,11504,0.87,16195
puppeteer,puppeteer,92202,2017-05-09T22:16:13Z,2025-08-29T12:48:30Z,TypeScript,563,271,6955,0.96,5432
microsoft,Web-Dev-For-Beginners,91638,2020-11-10T02:44:00Z,2025-08-29T13:52:12Z,JavaScript,0,4,328,0.99,552
DigitalPlatDev,FreeDomain,91012,2024-05-30T13:23:00Z,2025-08-29T14:15:33Z,HTML,0,0,0,0.00,0
deepseek-ai,DeepSeek-R1,91004,2025-01-20T11:57:28Z,2025-08-29T12:37:02Z,Unknown,1,34,597,0.95,9
tailwindlabs,tailwindcss,89846,2017-10-06T14:59:14Z,2025-08-29T11:21:22Z,TypeScript,290,80,4474,0.98,3079
PanJiaChen,vue-element-admin,89820,2017-04-17T03:35:49Z,2025-08-29T09:29:38Z,Vue,49,1252,2357,0.65,311
fastapi,fastapi,88910,2018-12-08T08:21:47Z,2025-08-29T14:01:03Z,Python,208,49,3418,0.99,2739
mtdvio,every-programmer-should-know,88029,2017-08-24T13:18:26Z,2025-08-29T13:30:33Z,Unknown,0,30,23,0.43,99
jaywcjlove,awesome-mac,87778,2016-07-17T15:33:47Z,2025-08-29T12:13:28Z,JavaScript,12,114,368,0.76,992
supabase,supabase,87758,2019-10-12T05:56:49Z,2025-08-29T13:48:25Z,TypeScript,22,231,4452,0.95,12995
storybookjs,storybook,87618,2016-03-18T04:23:44Z,2025-08-29T13:48:28Z,TypeScript,1000,2083,11622,0.85,11490
openai,whisper,87395,2022-09-16T20:02:54Z,2025-08-29T14:09:25Z,Python,13,0,0,0.00,119
comfyanonymous,ComfyUI,86919,2023-01-17T03:15:56Z,2025-08-29T14:06:55Z,Python,77,2575,3698,0.59,1236
nvm-sh,nvm,86642,2010-04-15T17:47:47Z,2025-08-29T13:36:55Z,Shell,70,315,2001,0.86,729
2dust,v2rayN,85757,2019-07-30T03:47:24Z,2025-08-29T13:50:48Z,C#,266,5,6039,1.00,275
ggml-org,llama.cpp,85714,2023-03-10T18:58:00Z,2025-08-29T14:10:39Z,C++,1000,351,5417,0.94,5592
ChatGPTNextWeb,NextChat,85690,2023-03-10T18:27:54Z,2025-08-29T14:14:24Z,TypeScript,77,662,2888,0.81,889
bitcoin,bitcoin,85243,2010-12-19T15:16:43Z,2025-08-29T13:03:31Z,C++,56,413,8280,0.95,15525
florinpop17,app-ideas,85042,2019-02-25T18:36:56Z,2025-08-29T14:11:31Z,Unknown,0,126,44,0.26,149
django,django,84812,2012-04-28T02:47:18Z,2025-08-29T14:09:28Z,Python,0,0,0,0.00,9883
sveltejs,svelte,83949,2016-11-20T18:13:05Z,2025-08-29T14:13:32Z,JavaScript,513,819,7697,0.90,6003
gin-gonic,gin,83777,2014-06-16T23:57:25Z,2025-08-29T11:45:09Z,Go,27,669,1680,0.72,1114
opencv,opencv,83733,2012-07-19T09:40:17Z,2025-08-29T14:15:37Z,C++,66,2606,8635,0.77,13096
gohugoio,hugo,83133,2013-07-04T15:26:26Z,2025-08-29T14:10:58Z,Go,338,439,7365,0.94,2972
mermaid-js,mermaid,82512,2014-11-01T23:52:32Z,2025-08-29T13:12:53Z,TypeScript,164,1273,2100,0.62,2448
gothinkster,realworld,82277,2016-02-26T20:49:53Z,2025-08-29T11:27:37Z,TypeScript,0,39,503,0.93,433
animate-css,animate.css,82096,2011-10-12T10:07:38Z,2025-08-29T09:00:49Z,CSS,22,39,841,0.96,315
laravel,laravel,81968,2011-06-08T03:06:08Z,2025-08-29T12:50:51Z,Blade,198,0,0,0.00,1641
macrozheng,mall,81416,2018-04-04T01:11:44Z,2025-08-29T14:11:28Z,Java,3,10,487,0.98,1
home-assistant,core,80976,2013-09-17T07:29:48Z,2025-08-29T14:03:43Z,Python,1000,2342,60277,0.96,75946
3b1b,manim,80225,2015-03-22T18:50:58Z,2025-08-29T13:25:53Z,Python,13,452,761,0.63,642
oven-sh,bun,80102,2021-04-14T00:48:17Z,2025-08-29T12:57:43Z,Zig,197,4823,8357,0.63,6022
tonsky,FiraCode,80017,2014-11-11T19:32:38Z,2025-08-29T14:13:41Z,Clojure,29,410,954,0.70,137
x1xhlol,system-prompts-and-models-of-ai-tools,79816,2025-03-05T16:38:29Z,2025-08-29T14:08:49Z,Unknown,0,48,56,0.54,29
spring-projects,spring-boot,78255,2012-10-19T15:02:57Z,2025-08-29T13:02:53Z,Java,320,563,38760,0.99,42
doocs,advanced-java,78171,2018-10-06T11:38:30Z,2025-08-29T10:15:39Z,Java,1,1,146,0.99,88
bregman-arie,devops-exercises,78074,2019-10-03T17:31:21Z,2025-08-29T13:12:14Z,Python,0,35,64,0.65,302
tensorflow,models,77625,2016-02-05T01:15:20Z,2025-08-29T12:23:47Z,Python,50,1077,6236,0.85,2341
MunGell,awesome-for-beginners,77057,2015-10-24T19:53:36Z,2025-08-29T13:20:06Z,Unknown,0,13,174,0.93,453
microsoft,ML-For-Beginners,76949,2021-03-03T01:34:05Z,2025-08-29T12:44:10Z,HTML,0,5,142,0.97,377
DopplerHQ,awesome-interview-questions,76774,2015-11-28T09:48:17Z,2025-08-29T12:48:08Z,Unknown,0,27,34,0.56,175
nomic-ai,gpt4all,76572,2023-03-27T18:49:32Z,2025-08-29T13:22:43Z,C++,38,700,1488,0.68,934
microsoft,playwright,76510,2019-11-15T18:32:42Z,2025-08-29T14:00:06Z,TypeScript,151,856,15500,0.95,15106
MisterBooo,LeetCodeAnimation,76416,2018-12-06T08:01:22Z,2025-08-29T12:03:39Z,Java,0,20,42,0.68,63
fighting41love,funNLP,75728,2018-08-21T11:20:39Z,2025-08-29T13:39:58Z,Python,0,34,47,0.58,14
netdata,netdata,75680,2013-06-17T18:39:10Z,2025-08-29T11:51:39Z,C,121,168,7951,0.98,10955
syncthing,syncthing,75672,2013-11-26T09:48:21Z,2025-08-29T13:57:31Z,Go,440,330,5375,0.94,2768
FortAwesome,Font-Awesome,75599,2012-02-17T14:19:43Z,2025-08-29T12:29:10Z,JavaScript,60,3756,16006,0.81,212
anuraghazra,github-readme-stats,75596,2020-07-09T10:34:22Z,2025-08-29T13:52:21Z,JavaScript,0,194,1113,0.85,1318
ByteByteGoHq,system-design-101,75581,2023-09-18T20:52:03Z,2025-08-29T14:11:01Z,Unknown,0,37,17,0.31,23
vitejs,vite,74978,2020-04-21T05:03:57Z,2025-08-29T13:08:15Z,TypeScript,598,464,7628,0.94,5596
unionlabs,union,74895,2023-05-16T22:33:39Z,2025-08-29T12:46:08Z,Rust,95,233,1590,0.87,2781
typicode,json-server,74842,2013-11-27T13:21:13Z,2025-08-29T12:26:08Z,JavaScript,38,620,549,0.47,121
immich-app,immich,74626,2022-02-03T15:56:27Z,2025-08-29T13:58:15Z,TypeScript,263,568,5818,0.91,7213
ruanyf,weekly,74527,2018-10-13T12:36:07Z,2025-08-29T12:55:22Z,Unknown,0,6073,1089,0.15,101
louislam,uptime-kuma,74372,2021-07-03T01:02:42Z,2025-08-29T13:59:00Z,JavaScript,111,705,3467,0.83,1321
hoppscotch,hoppscotch,73746,2019-08-21T13:15:24Z,2025-08-29T13:22:21Z,TypeScript,84,486,1565,0.76,1881
elastic,elasticsearch,73665,2010-02-08T13:20:56Z,2025-08-29T14:12:40Z,Java,206,4312,36410,0.89,80884
coder,code-server,73625,2019-02-27T16:50:41Z,2025-08-29T14:02:54Z,TypeScript,201,136,3569,0.96,1578
junegunn,fzf,73311,2013-10-23T16:04:23Z,2025-08-29T13:47:20Z,Go,70,236,2783,0.92,595
vuejs,awesome-vue,73208,2015-10-20T00:16:14Z,2025-08-29T09:58:28Z,Unknown,0,38,190,0.83,3574
sdmg15,Best-websites-a-programmer-should-visit,73191,2017-03-05T20:25:17Z,2025-08-29T13:51:38Z,Unknown,0,71,103,0.59,431
hacksider,Deep-Live-Cam,72810,2023-09-24T13:19:31Z,2025-08-29T13:12:18Z,Python,8,66,925,0.93,85
google-gemini,gemini-cli,72622,2025-04-17T17:04:31Z,2025-08-29T14:05:43Z,TypeScript,53,1417,2494,0.64,2064
nestjs,nest,72465,2017-02-04T20:12:52Z,2025-08-29T14:08:17Z,TypeScript,131,28,5645,1.00,7433
microsoft,markitdown,72457,2024-11-13T19:56:40Z,2025-08-29T14:13:19Z,Python,15,252,72,0.22,161
clash-verge-rev,clash-verge-rev,72420,2023-11-21T18:24:03Z,2025-08-29T14:14:46Z,TypeScript,50,143,3709,0.96,326
d2l-ai,d2l-zh,71973,2017-08-23T04:40:24Z,2025-08-29T13:19:14Z,Python,16,0,0,0.00,1019
CompVis,stable-diffusion,71383,2022-08-10T14:36:44Z,2025-08-29T09:48:56Z,Jupyter Notebook,0,532,195,0.27,5
thedaviddias,Front-End-Checklist,71068,2017-10-16T10:12:36Z,2025-08-29T11:51:27Z,Unknown,1,1,147,0.99,179
abi,screenshot-to-code,70812,2023-11-14T17:53:32Z,2025-08-29T13:12:41Z,Python,0,104,278,0.73,49
redis,redis,70662,2009-03-21T22:32:25Z,2025-08-29T13:16:31Z,C,96,2158,4631,0.68,4169
moby,moby,70563,2013-01-18T18:10:57Z,2025-08-29T13:45:38Z,Go,237,3204,19932,0.86,21527
pallets,flask,70242,2010-04-06T11:11:59Z,2025-08-29T14:00:57Z,Python,37,1,2691,1.00,1613
ventoy,Ventoy,70231,2020-03-10T15:19:19Z,2025-08-29T14:12:49Z,C,105,865,1672,0.66,280
grafana,grafana,69658,2013-12-11T15:59:56Z,2025-08-29T14:03:42Z,TypeScript,550,3473,37570,0.92,56974
Developer-Y,cs-video-courses,69655,2016-10-21T17:02:11Z,2025-08-29T13:04:35Z,Unknown,0,0,0,0.00,234
enaqx,awesome-react,69606,2014-08-06T05:31:44Z,2025-08-29T12:46:56Z,Unknown,0,4,109,0.96,780
swisskyrepo,PayloadsAllTheThings,69538,2016-10-18T07:29:07Z,2025-08-29T14:06:46Z,Python,5,0,0,0.00,548
josephmisiti,awesome-machine-learning,69486,2014-07-15T19:11:19Z,2025-08-29T13:47:48Z,Python,0,0,93,1.00,872
hakimel,reveal.js,69477,2011-06-07T18:54:22Z,2025-08-29T12:28:29Z,JavaScript,49,774,1690,0.69,410
strapi,strapi,69339,2015-09-30T15:34:48Z,2025-08-29T14:05:12Z,TypeScript,479,976,10238,0.91,9143
binary-husky,gpt_academic,69167,2023-03-20T09:05:13Z,2025-08-29T12:56:47Z,Python,32,263,1478,0.85,224
tesseract-ocr,tesseract,69136,2014-08-12T18:04:59Z,2025-08-29T14:10:25Z,C++,34,424,2303,0.84,1411
swiftlang,swift,69002,2015-10-23T21:15:07Z,2025-08-29T13:59:46Z,C++,60,7355,9447,0.56,55546
protocolbuffers,protobuf,68918,2014-08-26T15:52:15Z,2025-08-29T13:03:12Z,C++,195,239,6412,0.96,7822
browser-use,browser-use,68878,2024-10-31T16:00:56Z,2025-08-29T14:01:50Z,Python,77,469,608,0.56,1027
python,cpython,68586,2017-02-10T19:23:51Z,2025-08-29T13:53:51Z,Python,0,7240,66182,0.90,52891
base,node,68471,2023-02-01T13:55:02Z,2025-08-28T20:00:05Z,Go,54,51,190,0.79,186
sherlock-project,sherlock,68278,2018-12-24T14:30:48Z,2025-08-29T13:13:53Z,Python,1,104,971,0.90,642
punkpeye,awesome-mcp-servers,67991,2024-11-30T04:49:10Z,2025-08-29T14:06:57Z,Unknown,0,31,74,0.70,927
ocornut,imgui,67876,2014-07-21T14:29:47Z,2025-08-29T13:54:25Z,C++,114,1013,5530,0.85,405
apache,superset,67789,2015-07-21T18:55:34Z,2025-08-29T14:03:54Z,TypeScript,234,477,11178,0.96,14879
rasbt,LLMs-from-scratch,67788,2023-07-23T18:15:57Z,2025-08-29T14:13:14Z,Jupyter Notebook,0,3,174,0.98,391
expressjs,express,67616,2009-06-26T18:56:01Z,2025-08-29T08:23:59Z,JavaScript,160,105,3887,0.97,461
Alvin9999,new-pac,67597,2016-03-23T08:43:36Z,2025-08-29T14:15:04Z,Python,0,442,1342,0.75,0
openai,openai-cookbook,67517,2022-03-11T02:08:53Z,2025-08-29T14:06:52Z,Jupyter Notebook,0,41,559,0.93,874
PKUFlyingPig,cs-self-learning,66821,2021-10-20T13:43:42Z,2025-08-29T14:15:30Z,HTML,5,106,104,0.50,297
localsend,localsend,66711,2022-12-16T00:46:07Z,2025-08-29T13:51:40Z,Dart,24,790,646,0.45,667
obsproject,obs-studio,66473,2013-10-01T02:40:31Z,2025-08-29T13:29:14Z,C,224,672,3942,0.85,5253
caddyserver,caddy,66463,2015-01-13T19:45:03Z,2025-08-29T13:11:38Z,Go,130,183,4161,0.96,2132
chartjs,Chart.js,66449,2013-03-17T23:56:36Z,2025-08-29T12:03:34Z,JavaScript,116,462,6804,0.94,3002
modelcontextprotocol,servers,66186,2024-11-19T01:10:17Z,2025-08-29T14:01:26Z,TypeScript,19,170,470,0.73,913
astral-sh,uv,66154,2023-10-02T20:24:11Z,2025-08-29T14:09:05Z,Rust,210,1923,5504,0.74,7271
ansible,ansible,66104,2012-03-06T14:58:02Z,2025-08-29T11:18:44Z,Python,163,554,32488,0.98,39210
fffaraz,awesome-cpp,65973,2014-07-17T08:51:11Z,2025-08-29T13:44:35Z,Unknown,0,346,237,0.41,802
Eugeny,tabby,65761,2016-12-23T09:06:10Z,2025-08-29T13:54:06Z,TypeScript,201,2322,3429,0.60,1489
leonardomso,33-js-concepts,65559,2018-09-04T13:27:04Z,2025-08-29T06:49:35Z,JavaScript,0,22,81,0.79,252
webpack,webpack,65511,2012-03-10T10:08:14Z,2025-08-29T13:08:39Z,JavaScript,438,118,9973,0.99,5132
nektos,act,65431,2019-01-02T19:53:43Z,2025-08-29T14:10:13Z,Go,88,219,1063,0.83,1049
danielmiessler,SecLists,65279,2012-02-19T01:30:18Z,2025-08-29T14:04:09Z,PHP,28,6,292,0.98,681
AppFlowy-IO,AppFlowy,65142,2021-06-16T12:56:48Z,2025-08-29T14:00:42Z,Dart,112,993,2647,0.73,3886
xtekky,gpt4free,65041,2023-03-29T17:00:43Z,2025-08-29T13:41:21Z,Python,338,8,1863,1.00,822
lobehub,lobe-chat,64952,2023-05-21T07:19:12Z,2025-08-29T14:04:35Z,TypeScript,1000,916,3462,0.79,2550
lydiahallie,javascript-questions,64829,2019-06-12T08:26:27Z,2025-08-29T12:37:42Z,Unknown,0,17,233,0.93,328
binhnguyennus,awesome-scalability,64829,2017-12-27T03:46:40Z,2025-08-29T14:14:26Z,Unknown,0,0,0,0.00,36
Stirling-Tools,Stirling-PDF,64760,2023-01-27T18:22:42Z,2025-08-29T13:22:25Z,Java,135,320,1078,0.77,2278
zed-industries,zed,64643,2021-02-20T03:01:06Z,2025-08-29T14:16:07Z,Rust,976,2609,11633,0.82,16541
apache,echarts,64495,2013-04-03T03:18:59Z,2025-08-29T12:45:20Z,TypeScript,122,1847,17255,0.90,1450
awesomedata,awesome-public-datasets,64490,2014-11-20T06:20:50Z,2025-08-29T14:10:45Z,Unknown,1,70,48,0.41,188
kdn251,interviews,64394,2017-02-14T18:19:25Z,2025-08-29T12:24:42Z,Java,0,32,24,0.43,42
jesseduffield,lazygit,64166,2018-05-19T00:53:06Z,2025-08-29T13:19:06Z,Go,169,698,1599,0.70,1692
kelseyhightower,nocode,63841,2018-02-06T23:54:00Z,2025-08-29T11:47:13Z,Dockerfile,1,4148,716,0.15,1
twitter,the-algorithm,63525,2023-03-27T14:57:57Z,2025-08-29T09:12:03Z,Scala,0,280,730,0.72,2
juliangarnier,anime,63514,2016-03-13T21:37:45Z,2025-08-29T12:57:41Z,JavaScript,23,76,719,0.90,80
Shubhamsaboo,awesome-llm-apps,63427,2024-04-29T05:30:25Z,2025-08-29T14:14:21Z,Python,0,1,92,0.99,134
keras-team,keras,63373,2015-03-28T00:35:42Z,2025-08-29T14:15:51Z,Python,81,230,12301,0.98,4248
infiniflow,ragflow,63298,2023-12-12T06:13:13Z,2025-08-29T13:49:18Z,TypeScript,32,2730,2341,0.46,3803
scikit-learn,scikit-learn,63173,2010-08-17T09:43:38Z,2025-08-29T14:01:47Z,Python,47,1580,10086,0.86,13486
TheAlgorithms,Java,63156,2016-07-16T10:21:02Z,2025-08-29T14:04:56Z,Java,0,7,1103,0.99,2022
bradtraversy,design-resources-for-developers,62888,2020-05-06T14:40:35Z,2025-08-29T12:45:24Z,Unknown,0,0,104,1.00,951
labmlai,annotated_deep_learning_paper_implementations,62870,2020-08-25T02:29:34Z,2025-08-29T14:15:29Z,Python,0,24,113,0.82,101
chrislgarry,Apollo-11,62832,2014-04-03T15:45:02Z,2025-08-29T14:05:32Z,Assembly,0,56,326,0.85,343
All-Hands-AI,OpenHands,62733,2024-03-13T03:33:31Z,2025-08-29T14:03:41Z,Python,76,348,2972,0.90,5206
resume,resume.github.com,62604,2011-02-06T13:39:55Z,2025-08-29T14:04:59Z,JavaScript,0,56,66,0.54,84
prakhar1989,awesome-courses,62493,2014-11-15T18:36:49Z,2025-08-29T12:51:36Z,Unknown,0,42,39,0.48,194
sindresorhus,awesome-nodejs,62417,2014-07-11T13:35:34Z,2025-08-29T13:44:43Z,Unknown,0,2,102,0.98,418
socketio,socket.io,62354,2010-03-11T18:24:48Z,2025-08-29T14:01:08Z,TypeScript,75,194,3425,0.95,435
FuelLabs,sway,62163,2021-01-19T20:54:33Z,2025-08-29T12:24:56Z,Rust,178,849,2454,0.74,3512
facebook,docusaurus,61511,2017-06-20T16:13:53Z,2025-08-29T14:07:49Z,TypeScript,151,294,3028,0.91,5488
reduxjs,redux,61325,2015-05-29T23:53:15Z,2025-08-29T08:50:10Z,TypeScript,78,39,2024,0.98,1721
dair-ai,Prompt-Engineering-Guide,61261,2022-12-16T16:04:50Z,2025-08-29T11:49:17Z,MDX,0,152,71,0.32,340
lodash,lodash,60914,2012-04-07T04:11:46Z,2025-08-29T11:40:34Z,JavaScript,2,84,4228,0.98,581
mlabonne,llm-course,60750,2023-06-17T22:16:25Z,2025-08-29T14:16:09Z,Unknown,0,54,30,0.36,1
atom,atom,60605,2012-01-20T18:18:21Z,2025-08-29T11:49:21Z,JavaScript,538,963,16148,0.94,3933
h5bp,Front-end-Developer-Interview-Questions,60537,2012-02-09T23:34:10Z,2025-08-29T13:59:28Z,Nunjucks,0,34,143,0.81,484
xingshaocheng,architect-awesome,60419,2018-04-06T13:30:58Z,2025-08-29T06:44:41Z,Unknown,0,49,22,0.31,49
openinterpreter,open-interpreter,60372,2023-07-14T07:10:44Z,2025-08-29T14:11:16Z,Python,48,228,797,0.78,369
localstack,localstack,60290,2016-10-25T23:48:03Z,2025-08-29T14:03:48Z,Python,94,241,5763,0.96,6252
alacritty,alacritty,60141,2016-02-18T05:02:30Z,2025-08-29T10:10:41Z,Rust,101,323,5805,0.95,1888
prometheus,prometheus,60128,2012-11-24T11:14:12Z,2025-08-29T12:47:56Z,Go,342,528,5649,0.91,7643
adam-p,markdown-here,60002,2012-05-13T03:27:22Z,2025-08-29T09:42:03Z,JavaScript,17,300,329,0.52,27
NationalSecurityAgency,ghidra,59784,2019-03-01T03:27:48Z,2025-08-29T14:11:51Z,Java,46,1465,4083,0.74,524
rust-lang,rustlings,59778,2015-09-15T02:25:18Z,2025-08-29T13:28:39Z,Rust,46,47,689,0.94,915
jquery,jquery,59556,2009-04-03T15:20:14Z,2025-08-29T11:48:35Z,JavaScript,11,79,2286,0.97,812
ryanoasis,nerd-fonts,59370,2014-12-05T04:31:17Z,2025-08-29T13:55:45Z,CSS,38,32,1062,0.97,550
tldr-pages,tldr,59043,2013-12-08T07:34:43Z,2025-08-29T13:53:44Z,Markdown,6,180,1346,0.88,14829
shadowsocks,shadowsocks-windows,59000,2013-01-14T07:54:16Z,2025-08-29T14:12:25Z,C#,55,185,2727,0.94,290
angular,angular.js,58768,2010-01-06T00:34:37Z,2025-08-29T05:49:50Z,JavaScript,0,389,8644,0.96,789
spring-projects,spring-framework,58741,2010-12-08T04:04:45Z,2025-08-29T14:14:39Z,Java,341,276,26853,0.99,872
meta-llama,llama,58681,2023-02-14T09:29:12Z,2025-08-29T11:57:47Z,Python,0,446,652,0.59,53
FoundationAgents,MetaGPT,58146,2023-06-30T09:04:55Z,2025-08-29T10:02:32Z,Python,22,15,856,0.98,660
scrapy,scrapy,58081,2010-02-22T02:01:14Z,2025-08-29T12:44:38Z,Python,43,470,2715,0.85,2392
nuxt,nuxt,58050,2016-10-26T11:18:47Z,2025-08-29T12:48:55Z,TypeScript,256,792,15898,0.95,6921
gorhill,uBlock,58030,2015-04-01T17:51:11Z,2025-08-29T13:25:02Z,JavaScript,277,13,3432,1.00,252
youngyangyang04,leetcode-master,57994,2019-12-14T12:05:42Z,2025-08-29T14:08:03Z,Shell,0,205,67,0.25,2306
FuelLabs,fuel-core,57545,2020-08-27T21:12:14Z,2025-08-29T12:24:58Z,Rust,123,143,970,0.87,1553
rails,rails,57364,2008-04-11T02:19:47Z,2025-08-29T12:55:10Z,Ruby,149,475,17728,0.97,25173
h5bp,html5-boilerplate,57150,2010-01-24T18:03:24Z,2025-08-29T11:01:50Z,JavaScript,34,8,1346,0.99,790
Solido,awesome-flutter,57017,2017-05-07T11:45:27Z,2025-08-29T13:07:55Z,Dart,0,0,0,0.00,444
hiyouga,LLaMA-Factory,56939,2023-05-28T10:09:12Z,2025-08-29T12:59:32Z,Python,34,599,6765,0.92,699
nocodb,nocodb,56678,2017-10-29T18:51:48Z,2025-08-29T13:47:14Z,TypeScript,174,617,3620,0.85,5329
vllm-project,vllm,56644,2023-02-09T11:23:20Z,2025-08-29T14:14:13Z,Python,73,1806,8684,0.83,8946
zylon-ai,private-gpt,56525,2023-05-02T09:15:31Z,2025-08-29T07:20:49Z,Python,10,253,961,0.79,224
jgraph,drawio-desktop,56508,2017-05-25T20:58:42Z,2025-08-29T13:34:23Z,JavaScript,159,64,1574,0.96,20
scutan90,DeepLearning-500-questions,56498,2018-06-27T06:36:45Z,2025-08-29T12:54:17Z,JavaScript,0,110,81,0.42,302
soimort,you-get,56372,2012-08-20T15:53:36Z,2025-08-29T13:46:04Z,Python,123,0,0,0.00,582
traefik,traefik,56303,2015-09-13T19:04:02Z,2025-08-29T13:39:26Z,Go,483,640,5714,0.90,4716
FiloSottile,mkcert,56299,2018-06-25T05:33:03Z,2025-08-29T12:23:44Z,Go,14,105,239,0.69,52
git,git,56250,2008-07-23T14:21:26Z,2025-08-29T12:20:35Z,C,0,0,0,0.00,3
PlexPt,awesome-chatgpt-prompts-zh,56039,2022-12-12T01:55:03Z,2025-08-29T13:37:39Z,Unknown,0,38,58,0.60,33
commaai,openpilot,55938,2016-11-24T01:33:30Z,2025-08-29T13:22:03Z,Python,58,132,2932,0.96,11804
gatsbyjs,gatsby,55911,2015-05-21T22:43:05Z,2025-08-29T07:19:18Z,JavaScript,156,215,13904,0.98,18185
azl397985856,leetcode,55586,2018-03-30T09:13:51Z,2025-08-29T14:17:22Z,JavaScript,40,9,248,0.96,257
topjohnwu,Magisk,55570,2016-09-08T12:42:53Z,2025-08-29T12:08:59Z,Kotlin,151,38,6229,0.99,1624
remix-run,react-router,55424,2014-05-16T22:22:51Z,2025-08-29T11:01:19Z,TypeScript,311,98,8062,0.99,3209
ageitgey,face_recognition,55340,2017-03-03T21:52:39Z,2025-08-29T12:23:37Z,Python,2,775,595,0.43,94
ultralytics,yolov5,55153,2020-05-18T03:45:11Z,2025-08-29T10:11:46Z,Python,10,255,9177,0.97,2211
CorentinJ,Real-Time-Voice-Cloning,54923,2019-05-26T08:56:15Z,2025-08-28T23:09:02Z,Python,0,205,896,0.81,48
BurntSushi,ripgrep,54906,2016-03-11T02:02:33Z,2025-08-29T14:11:19Z,Rust,72,132,1581,0.92,516
minio,minio,54893,2015-01-14T19:23:58Z,2025-08-29T13:57:53Z,Go,519,38,7780,1.00,9857
AntonOsika,gpt-engineer,54792,2023-04-29T12:52:15Z,2025-08-29T13:22:09Z,Python,20,31,470,0.94,350
toeverything,AFFiNE,54631,2022-07-31T18:45:21Z,2025-08-29T13:39:29Z,TypeScript,578,293,2735,0.90,8711
deepfakes,faceswap,54442,2017-12-19T09:44:13Z,2025-08-29T14:02:04Z,Python,4,35,848,0.96,357
pmndrs,zustand,54387,2019-04-09T09:10:06Z,2025-08-29T12:21:30Z,TypeScript,98,2,688,1.00,810
ElemeFE,element,54244,2016-09-03T06:19:26Z,2025-08-29T13:25:08Z,Vue,145,2618,15250,0.85,3231
sharkdp,bat,54182,2018-04-21T10:52:23Z,2025-08-29T13:17:15Z,Rust,41,325,1193,0.79,1471
lencx,ChatGPT,54064,2022-12-07T09:43:02Z,2025-08-29T13:06:32Z,Rust,34,843,361,0.30,123
golang-standards,project-layout,53645,2017-09-09T16:33:26Z,2025-08-29T14:03:38Z,Makefile,0,68,44,0.39,90
wasabeef,awesome-android-ui,53548,2014-12-24T01:45:03Z,2025-08-29T12:23:44Z,Unknown,0,20,94,0.82,90
Textualize,rich,53497,2019-11-10T15:28:09Z,2025-08-29T13:41:06Z,Python,170,209,1223,0.85,836
Z4nzu,hackingtool,53416,2020-04-11T09:21:31Z,2025-08-29T12:06:58Z,Python,0,53,321,0.86,56
necolas,normalize.css,53373,2011-05-04T10:20:25Z,2025-08-29T11:58:29Z,CSS,0,56,461,0.89,56
firecrawl,firecrawl,53268,2024-04-15T21:02:29Z,2025-08-29T14:13:17Z,TypeScript,24,139,551,0.80,845
psf,requests,53230,2011-02-13T18:38:17Z,2025-08-29T08:22:57Z,Python,14,200,3862,0.95,1591
maybe-finance,maybe,53202,2024-01-01T22:23:46Z,2025-08-29T14:11:02Z,Ruby,28,0,0,0.00,1073
PaddlePaddle,PaddleOCR,53166,2020-05-08T10:38:16Z,2025-08-29T13:22:20Z,Python,24,147,9772,0.99,2965
pi-hole,pi-hole,53096,2014-06-08T15:02:55Z,2025-08-29T13:26:56Z,Shell,118,40,3043,0.99,2108
withastro,astro,53067,2021-03-15T17:19:47Z,2025-08-29T14:03:15Z,TypeScript,1000,141,5437,0.97,7343
meilisearch,meilisearch,52970,2018-04-23T11:45:28Z,2025-08-29T13:54:36Z,Rust,268,208,2101,0.91,2155
FFmpeg,FFmpeg,52770,2011-04-14T14:12:38Z,2025-08-29T14:05:16Z,C,0,0,0,0.00,16
appwrite,appwrite,52511,2019-04-08T16:36:25Z,2025-08-29T12:47:53Z,TypeScript,112,627,3469,0.85,3876
rust-unofficial,awesome-rust,52316,2014-07-17T10:45:10Z,2025-08-29T13:21:41Z,Rust,0,10,132,0.93,1573
rclone,rclone,52312,2014-03-16T16:19:57Z,2025-08-29T11:37:42Z,Go,115,969,4829,0.83,2125
tiimgreen,github-cheat-sheet,52243,2014-04-12T16:38:42Z,2025-08-29T12:36:46Z,Unknown,0,23,48,0.68,129
google,material-design-icons,52033,2014-10-08T18:01:28Z,2025-08-29T11:56:13Z,Unknown,16,373,1159,0.76,50
ionic-team,ionic-framework,52012,2013-08-20T23:06:02Z,2025-08-29T13:42:34Z,TypeScript,914,578,21483,0.97,6304
wagoodman,dive,51853,2018-05-13T15:44:01Z,2025-08-29T12:48:31Z,Go,28,157,202,0.56,164
unclecode,crawl4ai,51763,2024-05-09T09:48:50Z,2025-08-29T14:02:25Z,Python,8,160,648,0.80,93
mozilla,pdf.js,51710,2011-04-26T06:32:03Z,2025-08-29T13:20:13Z,JavaScript,76,409,9876,0.96,8109
facebookresearch,segment-anything,51674,2023-03-23T17:03:03Z,2025-08-29T13:58:57Z,Jupyter Notebook,0,526,178,0.25,15
OpenBB-finance,OpenBB,51582,2020-12-20T10:46:38Z,2025-08-29T13:38:28Z,Python,46,37,2208,0.98,4115
vuejs,core,51434,2018-06-12T13:49:36Z,2025-08-29T10:34:40Z,TypeScript,247,673,5110,0.88,3239
sickcodes,Docker-OSX,51263,2020-06-04T11:01:37Z,2025-08-29T12:29:53Z,Shell,0,386,282,0.42,107
Semantic-Org,Semantic-UI,51198,2013-04-08T23:32:04Z,2025-08-29T07:14:35Z,JavaScript,154,967,5268,0.84,355
JetBrains,kotlin,51175,2012-02-13T17:29:58Z,2025-08-29T14:12:34Z,Kotlin,266,0,0,0.00,2064
ngosang,trackerslist,51172,2016-04-24T11:57:57Z,2025-08-29T13:50:06Z,Unknown,0,6,479,0.99,1
marktext,marktext,51117,2017-11-12T16:05:25Z,2025-08-29T13:01:35Z,JavaScript,36,1278,1638,0.56,939
google,guava,51054,2014-05-29T16:23:17Z,2025-08-29T09:19:15Z,Java,56,628,2993,0.83,1016
laurent22,joplin,51048,2017-01-16T21:49:41Z,2025-08-29T11:35:32Z,TypeScript,386,546,6726,0.92,4438
prettier,prettier,50897,2016-11-29T17:13:37Z,2025-08-29T08:28:05Z,JavaScript,127,1223,5737,0.82,8877
starship,starship,50809,2019-04-02T03:23:12Z,2025-08-29T13:11:15Z,Rust,135,739,1775,0.71,2902
romkatv,powerlevel10k,50726,2019-02-24T19:09:45Z,2025-08-29T14:08:48Z,Shell,33,106,2466,0.96,167
jekyll,jekyll,50551,2008-10-20T06:29:03Z,2025-08-29T11:43:58Z,Ruby,112,118,4781,0.98,3189
xai-org,grok-1,50469,2024-03-17T08:53:38Z,2025-08-29T13:22:28Z,Python,0,0,0,0.00,5
TryGhost,Ghost,50463,2013-05-04T11:09:13Z,2025-08-29T12:26:00Z,JavaScript,903,67,7069,0.99,14307
RVC-Boss,GPT-SoVITS,50458,2024-01-14T18:05:21Z,2025-08-29T14:15:07Z,Python,4,720,1178,0.62,338
go-gitea,gitea,50375,2016-11-01T02:13:26Z,2025-08-29T12:45:19Z,Go,216,2603,12314,0.83,17798
WerWolv,ImHex,50273,2020-11-10T14:27:00Z,2025-08-29T12:13:56Z,C++,80,236,1184,0.83,672
DefinitelyTyped,DefinitelyTyped,50254,2012-10-05T16:39:45Z,2025-08-29T13:44:41Z,TypeScript,1,567,7521,0.93,52140
etcd-io,etcd,50172,2013-07-06T21:57:21Z,2025-08-29T13:34:16Z,Go,259,186,6829,0.97,9808
pocketbase,pocketbase,50155,2022-07-05T06:06:21Z,2025-08-29T14:13:52Z,Go,221,19,1824,0.99,54
firstcontributions,first-contributions,50097,2016-09-20T14:35:09Z,2025-08-29T13:47:17Z,Unknown,0,25,911,0.97,86404
chinese-poetry,chinese-poetry,49998,2016-09-02T03:32:25Z,2025-08-29T10:47:31Z,JavaScript,1,119,92,0.44,137
jgthms,bulma,49927,2016-01-23T23:48:34Z,2025-08-29T11:23:38Z,CSS,22,330,2394,0.88,642
cline,cline,49872,2024-07-06T07:28:10Z,2025-08-29T14:15:26Z,TypeScript,148,446,1832,0.80,1717
vsouza,awesome-ios,49754,2014-07-10T16:03:45Z,2025-08-29T13:54:46Z,Swift,0,2,486,1.00,2233
ethereum,go-ethereum,49645,2013-12-26T13:05:46Z,2025-08-29T13:52:39Z,Go,219,190,8298,0.98,8277
FoundationAgents,OpenManus,49284,2025-03-06T14:08:14Z,2025-08-29T13:08:59Z,Python,3,389,317,0.45,106
microsoft,autogen,49205,2023-08-18T11:43:45Z,2025-08-29T14:04:54Z,Python,97,395,2467,0.86,2501
poteto,hiring-without-whiteboards,49184,2017-03-15T05:09:01Z,2025-08-29T12:00:03Z,JavaScript,0,0,0,0.00,1300
agalwood,Motrix,49019,2018-12-18T11:45:05Z,2025-08-29T12:01:25Z,JavaScript,21,747,593,0.44,192
mastodon,mastodon,48921,2016-02-22T15:01:25Z,2025-08-29T14:03:12Z,Ruby,289,4028,8240,0.67,17758
Asabeneh,30-Days-Of-Python,48902,2019-11-19T17:24:16Z,2025-08-29T14:06:45Z,Python,0,57,79,0.58,61
justjavac,awesome-wechat-weapp,48845,2016-09-22T20:04:48Z,2025-08-29T13:54:17Z,Unknown,0,0,0,0.00,277
cypress-io,cypress,48844,2015-03-04T00:46:28Z,2025-08-29T14:15:46Z,TypeScript,373,1299,13801,0.91,7402
NARKOZ,hacker-scripts,48656,2015-11-21T19:05:09Z,2025-08-29T10:32:33Z,JavaScript,0,35,53,0.60,63
dani-garcia,vaultwarden,48497,2018-02-17T22:40:20Z,2025-08-29T14:17:52Z,Rust,73,9,2365,1.00,1005
Mintplex-Labs,anything-llm,48441,2023-06-04T02:29:14Z,2025-08-29T13:49:09Z,JavaScript,20,266,2499,0.90,1072
AlistGo,alist,48323,2020-12-23T17:40:29Z,2025-08-29T13:54:00Z,Go,138,550,3804,0.87,869
PowerShell,PowerShell,48311,2016-01-13T23:41:35Z,2025-08-29T13:23:12Z,C#,186,1098,11933,0.92,7557
ReactiveX,RxJava,48267,2013-01-08T20:11:48Z,2025-08-29T09:19:17Z,Java,241,12,3159,1.00,3329
iamkun,dayjs,48172,2018-04-10T09:26:44Z,2025-08-29T13:26:39Z,JavaScript,121,915,858,0.48,702
moment,moment,48090,2011-03-01T02:46:06Z,2025-08-28T07:05:08Z,JavaScript,0,244,3910,0.94,714
Avik-Jain,100-Days-Of-ML-Code,48054,2018-07-05T09:11:43Z,2025-08-29T14:17:17Z,Unknown,0,0,0,0.00,6
charlax,professional-programming,47956,2015-11-07T05:07:52Z,2025-08-29T06:00:25Z,Python,0,0,29,1.00,39
TapXWorld,ChinaTextbook,47798,2020-01-05T04:11:06Z,2025-08-29T14:16:08Z,Roff,0,59,53,0.47,1
algorithm-visualizer,algorithm-visualizer,47669,2016-05-15T00:27:45Z,2025-08-29T14:16:52Z,JavaScript,0,42,76,0.64,183
JuliaLang,julia,47564,2011-04-21T07:01:50Z,2025-08-29T14:05:56Z,Julia,181,3982,21403,0.84,25857
minimaxir,big-list-of-naughty-strings,47394,2015-08-08T20:57:20Z,2025-08-29T12:24:41Z,Python,0,69,32,0.32,90
huginn,huginn,47153,2013-03-10T06:00:31Z,2025-08-29T13:05:41Z,Ruby,1,601,1569,0.72,1043
LadybirdBrowser,ladybird,47053,2024-05-30T09:18:10Z,2025-08-29T14:17:30Z,C++,0,498,654,0.57,4298
nlohmann,json,47020,2013-07-04T08:47:49Z,2025-08-29T11:31:19Z,C++,45,40,2300,0.98,903
serverless,serverless,46860,2015-04-21T03:48:40Z,2025-08-29T09:11:36Z,JavaScript,455,1132,5387,0.83,4717
gogs,gogs,46826,2014-02-12T01:57:08Z,2025-08-29T07:44:40Z,Go,84,936,4223,0.82,1766
karan,Projects,46794,2013-07-04T13:37:27Z,2025-08-29T12:06:30Z,Unknown,0,48,35,0.42,19
x64dbg,x64dbg,46781,2015-04-11T20:48:23Z,2025-08-29T10:06:34Z,C++,4,607,2027,0.77,744
kamranahmedse,design-patterns-for-humans,46771,2017-02-16T21:24:39Z,2025-08-29T13:31:00Z,Unknown,0,5,47,0.90,50
square,okhttp,46621,2012-07-23T13:42:55Z,2025-08-29T11:39:40Z,Kotlin,0,53,4132,0.99,3766
typescript-cheatsheets,react,46581,2018-06-02T04:08:16Z,2025-08-29T09:25:12Z,JavaScript,0,1,221,1.00,371
TanStack,query,46440,2019-09-10T19:23:58Z,2025-08-29T14:09:08Z,TypeScript,1000,66,2102,0.97,2895
pandas-dev,pandas,46432,2010-08-24T01:37:33Z,2025-08-29T11:34:12Z,Python,112,3570,24110,0.87,26938
type-challenges,type-challenges,46360,2020-07-23T14:33:11Z,2025-08-29T12:46:03Z,TypeScript,0,32527,3846,0.11,588
hashicorp,terraform,46356,2014-03-13T22:25:48Z,2025-08-29T14:08:14Z,Go,380,1740,19683,0.92,12822
v2ray,v2ray-core,46341,2015-09-04T11:42:53Z,2025-08-29T13:04:55Z,Go,247,7,2584,1.00,203
dkhamsing,open-source-ios-apps,46295,2015-01-26T23:32:34Z,2025-08-29T13:22:14Z,Unknown,37,0,310,1.00,1420
lllyasviel,Fooocus,46117,2023-08-09T18:43:40Z,2025-08-29T14:13:08Z,Python,21,212,1400,0.87,447
ziishaned,learn-regex,46077,2017-07-22T12:21:03Z,2025-08-29T10:37:03Z,Unknown,0,52,35,0.40,132
slab,quill,46011,2012-07-30T23:23:18Z,2025-08-29T12:25:01Z,TypeScript,95,508,3267,0.87,381
lyswhut,lx-music-desktop,45946,2019-08-14T14:31:08Z,2025-08-29T13:27:37Z,TypeScript,110,963,1236,0.56,86
jesseduffield,lazydocker,45836,2019-05-18T08:53:50Z,2025-08-29T13:55:20Z,Go,42,172,190,0.52,186
bigskysoftware,htmx,45802,2020-04-13T16:17:51Z,2025-08-29T11:10:20Z,JavaScript,26,573,1006,0.64,956
pixijs,pixijs,45640,2013-01-21T22:40:50Z,2025-08-29T12:28:27Z,TypeScript,293,237,5752,0.96,3688
kelseyhightower,kubernetes-the-hard-way,45576,2016-07-07T14:15:27Z,2025-08-29T13:59:23Z,Unknown,0,13,415,0.97,73
brillout,awesome-react-components,45328,2016-06-24T15:19:33Z,2025-08-29T10:16:00Z,Unknown,0,8,44,0.85,324
jakevdp,PythonDataScienceHandbook,45323,2016-08-10T14:24:36Z,2025-08-29T11:44:49Z,Jupyter Notebook,0,125,78,0.38,28
odoo,odoo,45321,2014-05-13T15:38:58Z,2025-08-29T13:49:35Z,Python,0,3298,15111,0.82,6181
skylot,jadx,45279,2013-03-18T17:08:21Z,2025-08-29T13:31:22Z,Java,31,393,1528,0.80,577
android,architecture-samples,45260,2016-02-05T13:42:07Z,2025-08-28T22:47:44Z,Kotlin,0,139,348,0.71,232
typst,typst,45170,2019-09-24T21:41:56Z,2025-08-29T13:48:11Z,Rust,22,918,2582,0.74,1831
dbeaver,dbeaver,45063,2015-10-21T08:26:28Z,2025-08-29T12:57:18Z,Java,230,3050,16337,0.84,6134
Asabeneh,30-Days-Of-JavaScript,45024,2019-12-23T14:07:40Z,2025-08-29T13:29:02Z,JavaScript,0,115,59,0.34,98
serhii-londar,open-source-mac-os-apps,45011,2017-11-03T02:35:33Z,2025-08-29T12:14:07Z,Unknown,0,50,161,0.76,525
jestjs,jest,45010,2013-12-10T00:18:04Z,2025-08-29T09:47:53Z,TypeScript,210,241,7876,0.97,5721
ColorlibHQ,AdminLTE,44961,2013-12-25T02:52:40Z,2025-08-29T09:31:56Z,CSS,77,140,2747,0.95,1545
discourse,discourse,44931,2013-01-12T00:25:55Z,2025-08-29T14:10:02Z,Ruby,0,0,0,0.00,30205
ultralytics,ultralytics,44930,2022-09-11T16:39:45Z,2025-08-29T13:22:37Z,Python,263,243,11451,0.98,3557
akullpp,awesome-java,44870,2014-07-09T10:12:43Z,2025-08-29T12:36:56Z,Unknown,0,0,136,1.00,715
oobabooga,text-generation-webui,44821,2022-12-21T04:17:37Z,2025-08-29T13:22:43Z,Python,80,2576,1430,0.36,1183
unslothai,unsloth,44807,2023-11-29T16:50:09Z,2025-08-29T14:07:16Z,Python,17,716,1753,0.71,489
coollabsio,coolify,44707,2021-01-25T20:54:01Z,2025-08-29T13:54:46Z,PHP,627,564,2268,0.80,1661
dypsilon,frontend-dev-bookmarks,44707,2013-06-22T13:23:55Z,2025-08-29T10:23:04Z,Unknown,1,25,82,0.77,129
meteor,meteor,44688,2012-01-19T01:58:17Z,2025-08-29T08:30:39Z,JavaScript,0,258,8948,0.97,2541
Homebrew,brew,44653,2016-03-06T05:08:38Z,2025-08-29T14:09:13Z,Ruby,444,21,4794,1.00,13041
termux,termux-app,44556,2015-10-23T09:42:46Z,2025-08-29T14:02:23Z,Java,95,402,2524,0.86,162
google,zx,44545,2021-05-05T05:50:01Z,2025-08-29T13:22:43Z,JavaScript,96,14,476,0.97,553
2dust,v2rayNG,44357,2019-05-15T02:15:31Z,2025-08-29T14:10:41Z,Kotlin,256,9,3412,1.00,499
vercel,hyper,44215,2016-07-01T06:01:21Z,2025-08-29T09:35:43Z,TypeScript,88,942,2872,0.75,3291
isocpp,CppCoreGuidelines,44137,2015-08-19T20:22:52Z,2025-08-29T05:32:29Z,CSS,4,247,964,0.80,812
LeCoupa,awesome-cheatsheets,43980,2017-11-09T02:47:15Z,2025-08-29T13:45:46Z,JavaScript,0,37,59,0.61,169
run-llama,llama_index,43955,2022-11-02T04:24:54Z,2025-08-29T13:22:31Z,Python,406,218,6415,0.97,7034
usememos,memos,43941,2021-12-08T15:30:18Z,2025-08-29T13:58:57Z,Go,80,21,2451,0.99,1797
parcel-bundler,parcel,43935,2017-08-07T16:36:47Z,2025-08-28T17:12:54Z,JavaScript,48,474,5014,0.91,2591
karpathy,nanoGPT,43930,2022-12-28T00:51:12Z,2025-08-29T13:22:54Z,Python,0,228,109,0.32,45
DovAmir,awesome-design-patterns,43904,2018-06-04T17:47:48Z,2025-08-29T13:41:13Z,Unknown,0,10,5,0.33,30
acmesh-official,acme.sh,43810,2015-12-26T12:56:33Z,2025-08-29T13:51:24Z,Shell,44,1078,2242,0.68,1424
astaxie,build-web-application-with-golang,43794,2012-08-02T11:49:35Z,2025-08-29T05:56:16Z,Go,0,121,183,0.60,757
microsoft,monaco-editor,43754,2016-06-07T16:56:31Z,2025-08-29T12:53:36Z,JavaScript,95,681,3154,0.82,474
react-hook-form,react-hook-form,43745,2019-03-05T23:47:10Z,2025-08-29T12:39:38Z,TypeScript,585,82,4761,0.98,2071
jeecgboot,JeecgBoot,43716,2018-11-26T10:40:00Z,2025-08-29T10:49:11Z,Java,61,25,7588,1.00,122
babel,babel,43706,2014-09-28T13:38:23Z,2025-08-29T12:27:50Z,TypeScript,442,593,8403,0.93,6291
aymericdamien,TensorFlow-Examples,43702,2015-11-11T14:21:19Z,2025-08-28T16:51:10Z,Jupyter Notebook,0,167,70,0.30,88
square,retrofit,43699,2010-09-06T21:39:43Z,2025-08-29T09:19:28Z,HTML,4,127,2622,0.95,1190
FuelLabs,fuels-rs,43630,2021-10-31T22:33:54Z,2025-08-29T12:24:54Z,Rust,117,49,609,0.93,899
prisma,prisma,43621,2019-06-20T13:33:47Z,2025-08-29T13:02:06Z,TypeScript,224,2317,9058,0.80,6361
FuelLabs,fuels-ts,43615,2021-09-03T18:11:03Z,2025-08-29T12:24:52Z,TypeScript,154,58,1398,0.96,1969
grpc,grpc,43564,2014-12-08T18:58:53Z,2025-08-29T13:25:29Z,C++,356,681,11120,0.94,20059
Leaflet,Leaflet,43503,2010-09-22T16:57:44Z,2025-08-29T12:30:19Z,JavaScript,33,393,4888,0.93,3120
streamich,react-use,43480,2018-10-27T10:16:05Z,2025-08-29T08:45:29Z,TypeScript,256,355,244,0.41,1532
yangshun,front-end-interview-handbook,43467,2018-01-13T19:40:08Z,2025-08-29T13:59:19Z,MDX,0,10,91,0.90,346
metabase,metabase,43440,2015-02-02T19:25:47Z,2025-08-29T14:00:35Z,Clojure,678,3562,19555,0.85,34343
RocketChat,Rocket.Chat,43289,2015-05-19T07:36:09Z,2025-08-29T13:25:35Z,TypeScript,1000,2578,13779,0.84,14512
FlowiseAI,Flowise,43112,2023-03-31T12:23:09Z,2025-08-29T13:54:36Z,TypeScript,73,635,1629,0.72,1329
pyenv,pyenv,43014,2012-08-31T06:57:52Z,2025-08-29T14:08:25Z,Roff,132,54,1807,0.97,976
GitSquared,edex-ui,43009,2017-01-28T09:35:02Z,2025-08-29T14:01:32Z,JavaScript,29,6,553,0.99,399
jellyfin,jellyfin,42993,2018-12-09T06:36:45Z,2025-08-29T13:54:04Z,C#,91,400,6889,0.95,4826
sudheerj,reactjs-interview-questions,42877,2018-05-31T17:17:01Z,2025-08-29T12:39:47Z,JavaScript,0,3,107,0.97,162
ggml-org,whisper.cpp,42799,2022-09-25T18:26:37Z,2025-08-29T13:30:38Z,C++,27,920,834,0.48,865
expo,expo,42747,2016-08-15T17:14:25Z,2025-08-29T14:09:12Z,TypeScript,0,417,16614,0.98,18015
opendatalab,MinerU,42726,2024-02-29T08:52:34Z,2025-08-29T14:03:11Z,Python,121,135,1558,0.92,1034
coreybutler,nvm-windows,42591,2014-09-20T16:37:28Z,2025-08-29T13:26:28Z,Go,23,77,850,0.92,107
ClickHouse,ClickHouse,42577,2016-06-02T08:28:18Z,2025-08-29T12:39:53Z,C++,675,4497,20602,0.82,50651
GokuMohandas,Made-With-ML,42522,2018-11-05T03:44:27Z,2025-08-29T14:17:24Z,Jupyter Notebook,0,16,58,0.78,147
Unitech,pm2,42496,2013-05-21T03:25:25Z,2025-08-29T12:23:55Z,JavaScript,128,1005,4078,0.80,553
k88hudson,git-flight-rules,42433,2014-07-22T20:35:09Z,2025-08-29T10:30:41Z,Unknown,0,18,55,0.75,225
coqui-ai,TTS,42318,2020-05-20T15:45:28Z,2025-08-29T14:03:14Z,Python,98,6,1185,0.99,465
alex,what-happens-when,42230,2013-11-07T04:30:06Z,2025-08-29T14:05:40Z,Unknown,0,239,54,0.18,108
Alamofire,Alamofire,42066,2014-07-31T05:56:19Z,2025-08-29T08:33:26Z,Swift,102,42,2759,0.99,650
astral-sh,ruff,42062,2022-08-09T17:17:44Z,2025-08-29T14:02:05Z,Rust,377,1522,5636,0.79,11261
faif,python-patterns,42002,2012-06-06T21:02:35Z,2025-08-29T13:57:40Z,Python,0,11,83,0.88,273
Light-City,CPlusPlusThings,41898,2019-07-14T08:45:45Z,2025-08-29T14:15:50Z,C++,0,10,218,0.96,72
1c7,chinese-independent-developer,41857,2017-09-21T11:08:23Z,2025-08-29T14:16:18Z,Unknown,0,3,201,0.99,316
getsentry,sentry,41844,2010-08-30T22:06:41Z,2025-08-29T14:19:29Z,Python,154,2112,13660,0.87,73068
tw93,Pake,41813,2022-10-14T09:32:57Z,2025-08-29T13:55:08Z,JavaScript,32,20,385,0.95,101
apache,spark,41781,2014-02-25T08:00:08Z,2025-08-29T14:07:03Z,Scala,0,0,0,0.00,8
apache,airflow,41779,2015-04-13T18:04:58Z,2025-08-29T13:55:54Z,Python,103,1296,11207,0.90,29490
iina,iina,41703,2016-12-19T07:18:45Z,2025-08-29T11:07:05Z,Swift,45,1762,2428,0.58,851
freqtrade,freqtrade,41690,2017-05-17T23:48:53Z,2025-08-29T14:19:17Z,Python,100,33,5309,0.99,5913
spf13,cobra,41673,2013-09-03T20:40:26Z,2025-08-29T14:17:36Z,Go,24,227,986,0.81,614
NaiboWang,EasySpider,41665,2020-07-18T02:41:27Z,2025-08-29T12:17:27Z,JavaScript,10,230,485,0.68,40
Stability-AI,stablediffusion,41635,2022-11-23T23:59:50Z,2025-08-29T12:27:15Z,Python,0,248,76,0.23,17
Kong,kong,41635,2014-11-17T23:56:08Z,2025-08-29T11:19:17Z,Lua,145,64,4496,0.99,6481
yarnpkg,yarn,41561,2016-01-19T17:39:16Z,2025-08-29T13:07:29Z,JavaScript,152,1875,4732,0.72,1654
GitHubDaily,GitHubDaily,41499,2018-12-30T13:56:58Z,2025-08-29T14:18:25Z,Unknown,0,409,176,0.30,3
tldraw,tldraw,41485,2021-05-09T11:48:37Z,2025-08-29T14:18:25Z,TypeScript,83,230,1522,0.87,3581
mingrammer,diagrams,41389,2020-02-02T15:23:24Z,2025-08-29T12:37:42Z,Python,44,311,222,0.42,333
nolimits4web,swiper,41357,2012-03-14T19:11:45Z,2025-08-29T09:02:35Z,JavaScript,87,215,5538,0.96,604
apachecn,ailearning,41329,2017-02-25T08:53:02Z,2025-08-29T12:52:33Z,Python,2,3,112,0.97,478
apache,dubbo,41264,2012-06-19T07:56:02Z,2025-08-29T09:20:08Z,Java,111,800,6476,0.89,5787
bevyengine,bevy,41257,2020-01-18T21:13:55Z,2025-08-29T11:31:18Z,Rust,43,2384,4848,0.67,6239
bailicangdu,vue2-elm,41153,2016-12-23T01:49:20Z,2025-08-28T09:36:36Z,Vue,0,118,512,0.81,21
AykutSarac,jsoncrack.com,41148,2022-01-30T15:25:18Z,2025-08-29T12:01:52Z,TypeScript,22,35,234,0.87,85
streamlit,streamlit,41138,2019-08-24T00:14:52Z,2025-08-29T13:35:06Z,Python,106,1107,4324,0.80,5696
hpcaitech,ColossalAI,41119,2021-10-28T16:19:44Z,2025-08-29T06:41:29Z,Python,50,429,1298,0.75,3700
zai-org,ChatGLM-6B,41108,2023-03-13T12:00:18Z,2025-08-29T09:29:14Z,Python,0,558,751,0.57,48
KRTirtho,spotube,41073,2021-02-14T03:17:58Z,2025-08-29T12:11:05Z,Dart,40,783,1082,0.58,246
dcloudio,uni-app,41071,2018-07-12T08:52:39Z,2025-08-29T09:54:05Z,JavaScript,0,689,4239,0.86,468
nwjs,nw.js,41062,2012-01-04T06:21:10Z,2025-08-29T06:33:08Z,JavaScript,0,922,6477,0.88,575
docker,awesome-compose,41036,2020-02-13T08:51:42Z,2025-08-29T14:03:49Z,HTML,0,89,40,0.31,149
styled-components,styled-components,40891,2016-08-16T06:41:32Z,2025-08-29T12:47:52Z,TypeScript,176,302,2651,0.90,966
psf,black,40869,2018-03-14T19:54:45Z,2025-08-29T14:02:16Z,Python,46,329,2395,0.88,1585
ziglang,zig,40765,2015-08-06T00:51:28Z,2025-08-29T13:54:57Z,Zig,20,3444,9728,0.74,9215
vuetifyjs,vuetify,40706,2016-09-12T00:39:35Z,2025-08-29T14:04:54Z,TypeScript,606,502,14420,0.97,4411
hexojs,hexo,40693,2012-09-23T15:17:08Z,2025-08-29T11:10:55Z,TypeScript,114,73,3912,0.98,945
zhongyang219,TrafficMonitor,40686,2017-07-30T02:51:17Z,2025-08-29T12:28:01Z,C++,26,1175,714,0.38,63
SimplifyJobs,Summer2026-Internships,40553,2020-05-23T20:53:18Z,2025-08-29T14:15:39Z,Unknown,0,2,3934,1.00,1673
cli,cli,40465,2019-10-03T15:24:53Z,2025-08-29T13:07:09Z,Go,175,837,4318,0.84,2609
fastlane,fastlane,40450,2014-12-02T17:00:38Z,2025-08-29T13:42:33Z,Ruby,552,687,12501,0.95,6234
bannedbook,fanqiang,40345,2015-01-14T00:34:25Z,2025-08-29T13:08:12Z,Kotlin,3,329,467,0.59,3
mitmproxy,mitmproxy,40314,2010-02-16T04:10:13Z,2025-08-29T13:16:03Z,Python,77,335,3228,0.91,2651
dylanaraps,pure-bash-bible,40043,2018-06-13T01:39:33Z,2025-08-29T07:44:37Z,Shell,0,44,33,0.43,28
penpot,penpot,40019,2015-12-29T22:09:07Z,2025-08-29T14:17:13Z,Clojure,60,490,1433,0.75,4564
chubin,cheat.sh,40015,2017-05-07T21:40:56Z,2025-08-29T14:14:37Z,Python,0,125,133,0.52,129
tabler,tabler,39984,2018-02-01T09:08:59Z,2025-08-29T11:26:51Z,HTML,51,87,1004,0.92,725
LC044,WeChatMsg,39936,2023-01-11T05:03:49Z,2025-08-29T12:10:52Z,Unknown,0,0,0,0.00,62
deepspeedai,DeepSpeed,39900,2020-01-23T18:35:18Z,2025-08-29T13:58:03Z,Python,98,1099,2085,0.65,2752
microsoft,AI-For-Beginners,39852,2021-03-03T16:27:36Z,2025-08-29T12:11:17Z,Jupyter Notebook,0,25,108,0.81,196
colinhacks,zod,39758,2020-03-07T20:59:08Z,2025-08-29T13:50:18Z,TypeScript,185,184,2545,0.93,852
gradio-app,gradio,39672,2018-12-19T08:24:04Z,2025-08-29T14:19:59Z,Python,1000,419,5519,0.93,4766
helix-editor,helix,39669,2020-06-01T04:26:56Z,2025-08-29T14:19:57Z,Rust,30,848,4549,0.84,4258
virattt,ai-hedge-fund,39637,2024-11-29T16:30:01Z,2025-08-29T14:18:00Z,Python,0,22,199,0.90,33
bradtraversy,50projects50days,39636,2020-11-16T14:39:01Z,2025-08-29T11:57:39Z,CSS,0,0,0,0.00,44
lukasz-madon,awesome-remote-job,39617,2015-01-02T00:31:34Z,2025-08-29T13:24:15Z,Unknown,0,5,75,0.94,592
chakra-ui,chakra-ui,39607,2019-08-17T14:27:54Z,2025-08-29T14:00:04Z,TypeScript,1000,0,4154,1.00,2819
slidevjs,slidev,39577,2021-04-24T01:25:23Z,2025-08-29T14:01:57Z,TypeScript,394,145,1073,0.88,711
gedoor,legado,39572,2019-05-22T04:18:58Z,2025-08-29T13:45:12Z,Kotlin,115,35,2941,0.99,1134
harry0703,MoneyPrinterTurbo,39548,2024-03-11T02:57:34Z,2025-08-29T14:13:38Z,Python,9,180,393,0.69,136
ChrisTitusTech,winutil,39509,2022-04-28T02:25:19Z,2025-08-29T14:17:09Z,PowerShell,22,197,1710,0.90,847
google-research,bert,39469,2018-10-25T22:57:34Z,2025-08-29T12:11:22Z,Python,0,790,355,0.31,32
wg,wrk,39427,2012-03-20T11:12:28Z,2025-08-29T14:09:42Z,C,0,144,262,0.65,0
php,php-src,39406,2011-06-16T01:52:25Z,2025-08-29T13:51:20Z,C,25,835,3519,0.81,4287
QSCTech,zju-icicles,39404,2016-06-28T16:17:32Z,2025-08-29T11:07:05Z,HTML,0,9,69,0.88,224
sharkdp,fd,39385,2017-05-09T21:27:10Z,2025-08-29T13:00:04Z,Rust,41,130,788,0.86,653
upscayl,upscayl,39331,2022-07-30T17:19:20Z,2025-08-29T12:45:26Z,TypeScript,29,60,894,0.94,100
evanw,esbuild,39266,2016-06-14T16:08:50Z,2025-08-29T09:58:51Z,Go,301,514,3249,0.86,246
floodsung,Deep-Learning-Papers-Reading-Roadmap,39243,2016-10-14T11:49:48Z,2025-08-29T13:27:55Z,Python,0,52,5,0.09,28
byoungd,English-level-up-tips,39223,2017-05-30T07:18:52Z,2025-08-29T13:43:28Z,HTML,0,29,72,0.71,26
videojs,video.js,39072,2010-05-14T18:45:10Z,2025-08-29T12:47:51Z,JavaScript,332,578,4807,0.89,1801
lm-sys,FastChat,39043,2023-03-19T00:18:02Z,2025-08-29T12:36:38Z,Python,14,834,1066,0.56,849
jgm,pandoc,38984,2010-03-20T20:34:23Z,2025-08-29T14:16:18Z,Haskell,147,971,7023,0.88,1689
Dogfalo,materialize,38970,2014-09-12T19:35:38Z,2025-08-29T00:43:20Z,JavaScript,41,623,4599,0.88,449
pingcap,tidb,38954,2015-09-06T04:01:52Z,2025-08-29T10:32:08Z,Go,210,4065,17275,0.81,33151
mem0ai,mem0,38902,2023-06-20T08:58:36Z,2025-08-29T14:19:52Z,Python,265,357,750,0.68,1679
vim,vim,38852,2015-08-18T21:03:56Z,2025-08-29T12:39:34Z,Vim Script,0,1513,7435,0.83,440
go-gorm,gorm,38772,2013-10-25T08:31:38Z,2025-08-29T09:24:39Z,Go,6,457,5549,0.92,755
tmux,tmux,38718,2015-06-03T23:32:55Z,2025-08-29T13:09:41Z,C,37,57,3669,0.98,1
ray-project,ray,38700,2016-10-25T19:38:30Z,2025-08-29T11:58:53Z,Python,109,2718,18273,0.87,27300
remoteintech,remote-jobs,38699,2015-10-13T03:49:25Z,2025-08-29T12:22:47Z,JavaScript,0,20,170,0.89,1290
curl,curl,38677,2010-03-18T22:32:22Z,2025-08-29T14:01:38Z,C,91,5,5158,1.00,198
zhayujie,chatgpt-on-wechat,38663,2022-08-07T08:33:41Z,2025-08-29T13:31:58Z,Python,63,303,1699,0.85,261
aria2,aria2,38587,2010-11-27T09:41:48Z,2025-08-29T14:07:30Z,C++,24,1067,824,0.44,253
DIYgod,RSSHub,38510,2018-04-02T14:43:21Z,2025-08-29T13:38:25Z,TypeScript,0,360,5744,0.94,11093
google,styleguide,38468,2015-05-20T19:18:59Z,2025-08-29T12:48:24Z,HTML,0,116,239,0.67,194
saadeghi,daisyui,38458,2020-11-28T22:57:27Z,2025-08-29T09:32:23Z,Svelte,104,40,1934,0.98,430
makeplane,plane,38427,2022-11-19T12:55:01Z,2025-08-29T14:20:34Z,TypeScript,48,448,872,0.66,5634
suno-ai,bark,38424,2023-04-07T19:34:48Z,2025-08-29T13:48:36Z,Jupyter Notebook,0,231,239,0.51,19
QuivrHQ,quivr,38362,2023-05-12T23:53:30Z,2025-08-29T14:07:19Z,Python,354,2,1533,1.00,1819
trpc,trpc,38341,2020-07-18T01:17:11Z,2025-08-29T13:50:55Z,TypeScript,218,147,1139,0.89,3711
files-community,Files,38335,2019-01-04T18:19:14Z,2025-08-29T14:15:46Z,C#,123,501,10113,0.95,5346
phaserjs,phaser,38312,2013-04-12T12:27:51Z,2025-08-29T12:27:23Z,JavaScript,172,80,4474,0.98,1729
logseq,logseq,38302,2020-05-23T00:06:06Z,2025-08-29T14:08:21Z,Clojure,150,1213,6710,0.85,3067
photoprism,photoprism,38236,2018-01-27T12:00:15Z,2025-08-29T11:33:45Z,Go,78,425,1959,0.82,813
freefq,free,38113,2020-06-07T02:48:33Z,2025-08-29T14:18:35Z,Unknown,0,531,218,0.29,0
PhilJay,MPAndroidChart,38105,2014-04-25T14:29:47Z,2025-08-29T13:33:04Z,Java,44,2065,2899,0.58,191
impress,impress.js,38068,2011-12-28T22:23:19Z,2025-08-29T12:36:54Z,JavaScript,15,52,431,0.89,120
google,leveldb,38056,2014-08-27T21:17:52Z,2025-08-29T11:33:41Z,C++,21,240,537,0.69,64
koalaman,shellcheck,38001,2012-11-17T03:15:11Z,2025-08-29T07:33:49Z,Haskell,30,1132,1720,0.60,306
preactjs,preact,37918,2015-09-11T02:40:18Z,2025-08-29T07:43:55Z,JavaScript,231,55,1842,0.97,1926
ccxt,ccxt,37828,2017-05-14T15:41:56Z,2025-08-29T13:42:22Z,Python,174,823,10105,0.92,13392
appsmithorg,appsmith,37821,2020-06-30T04:07:36Z,2025-08-29T13:46:17Z,TypeScript,290,4347,19229,0.82,13949
calcom,cal.com,37795,2021-03-22T13:47:42Z,2025-08-29T14:18:33Z,TypeScript,516,1153,6987,0.86,10606
goabstract,Awesome-Design-Tools,37717,2019-02-12T13:55:30Z,2025-08-29T13:11:59Z,JavaScript,0,20,25,0.56,283
novuhq,novu,37674,2021-08-26T15:22:44Z,2025-08-29T11:28:48Z,TypeScript,54,223,1400,0.86,6043
2noise,ChatTTS,37673,2024-05-27T18:26:49Z,2025-08-29T10:00:04Z,Python,6,69,587,0.89,214
karanpratapsingh,system-design,37634,2022-08-15T18:59:54Z,2025-08-29T11:41:37Z,Unknown,0,1,21,0.95,11
gto76,python-cheatsheet,37616,2018-01-25T04:16:53Z,2025-08-29T05:23:18Z,Python,0,5,60,0.92,14
cloudcommunity,Free-Certifications,37580,2020-07-31T10:26:19Z,2025-08-29T14:16:11Z,Unknown,0,38,69,0.64,114
menloresearch,jan,37519,2023-08-17T02:17:10Z,2025-08-29T13:49:54Z,TypeScript,88,143,2739,0.95,2700
gofiber,fiber,37505,2020-01-16T03:59:20Z,2025-08-29T14:12:32Z,Go,128,77,1494,0.95,1821
FreeCodeCampChina,freecodecamp.cn,37474,2016-09-30T03:13:43Z,2025-08-29T13:32:14Z,CSS,0,141,445,0.76,55
LAION-AI,Open-Assistant,37462,2022-12-13T05:24:17Z,2025-08-29T11:10:13Z,Python,127,227,1418,0.86,1614
ant-design,ant-design-pro,37456,2017-08-25T10:40:44Z,2025-08-29T13:47:56Z,TypeScript,26,155,9601,0.98,1010
DataExpert-io,data-engineer-handbook,37341,2023-11-19T19:47:41Z,2025-08-29T13:48:39Z,Jupyter Notebook,0,13,64,0.83,171
fastapi,full-stack-fastapi-template,37274,2019-02-23T15:08:34Z,2025-08-29T14:02:02Z,TypeScript,10,166,264,0.61,411
openai,codex,37263,2025-04-13T05:37:54Z,2025-08-29T14:20:16Z,Rust,99,412,695,0.63,1015
lapce,lapce,37254,2018-02-06T08:41:06Z,2025-08-29T12:21:19Z,Rust,32,800,1177,0.60,1171
eugenp,tutorials,37246,2013-04-29T18:26:36Z,2025-08-29T07:15:40Z,Java,0,17,772,0.98,13383
freeCodeCamp,devdocs,37229,2013-10-24T18:16:07Z,2025-08-29T14:20:48Z,Ruby,0,192,1040,0.84,927
dockur,windows,37197,2024-01-14T13:09:40Z,2025-08-29T14:06:12Z,Shell,104,103,739,0.88,413
istio,istio,37197,2016-11-18T23:57:21Z,2025-08-29T13:51:20Z,Go,393,449,20724,0.98,28473
payloadcms,payload,37185,2021-01-05T18:49:45Z,2025-08-29T12:32:34Z,TypeScript,523,378,3384,0.90,5850
naptha,tesseract.js,37131,2015-06-24T02:49:52Z,2025-08-29T12:13:16Z,JavaScript,56,31,696,0.96,196
docling-project,docling,37078,2024-07-09T07:50:26Z,2025-08-29T14:16:12Z,Python,119,505,630,0.56,526
Aider-AI,aider,37049,2023-05-09T18:57:49Z,2025-08-29T14:00:54Z,Python,93,1010,2695,0.73,263
Kong,insomnia,37037,2016-04-23T03:54:26Z,2025-08-29T09:02:12Z,TypeScript,528,689,3197,0.82,3373
TencentARC,GFPGAN,37032,2021-03-19T06:18:20Z,2025-08-29T13:58:15Z,Python,8,366,134,0.27,14
dotnet,aspnetcore,37015,2014-03-11T06:09:42Z,2025-08-29T13:32:38Z,C#,258,3509,34144,0.91,17803
0voice,interview_internal_reference,36983,2019-06-10T06:54:19Z,2025-08-29T09:18:49Z,Python,0,30,19,0.39,35
denysdovhan,wtfjs,36978,2017-07-14T15:42:12Z,2025-08-29T13:25:28Z,JavaScript,25,22,95,0.81,125
google,googletest,36955,2015-07-28T15:07:53Z,2025-08-29T12:28:19Z,C++,11,345,1979,0.85,813
inkonchain,docs,36939,2024-05-07T16:49:36Z,2025-08-29T14:17:08Z,MDX,0,20,13,0.39,393
inkonchain,node,36903,2024-05-13T23:20:40Z,2025-08-29T14:13:35Z,Shell,6,11,13,0.54,35
siyuan-note,siyuan,36903,2020-08-30T09:21:35Z,2025-08-29T13:31:17Z,TypeScript,813,403,14568,0.97,489
NervJS,taro,36866,2018-04-08T09:32:26Z,2025-08-29T09:36:04Z,TypeScript,200,1535,11037,0.88,3400
milvus-io,milvus,36862,2019-09-16T06:43:43Z,2025-08-29T14:11:02Z,Go,130,614,13490,0.96,22843
facebookresearch,faiss,36838,2017-02-07T16:07:05Z,2025-08-29T14:13:40Z,C++,20,229,2446,0.91,137
inkonchain,ink-kit,36809,2024-11-04T16:32:17Z,2025-08-29T14:16:57Z,TypeScript,0,2,3,0.60,90
halo-dev,halo,36749,2018-03-21T12:56:52Z,2025-08-29T12:58:39Z,Java,226,301,4029,0.93,2617
exacity,deeplearningbook-chinese,36699,2016-12-07T11:46:51Z,2025-08-29T11:54:52Z,TeX,7,64,139,0.68,16
huihut,interview,36693,2018-02-09T09:49:48Z,2025-08-29T14:15:48Z,C++,0,1,65,0.98,36
vlang,v,36668,2019-02-08T02:57:06Z,2025-08-29T12:33:01Z,V,275,1084,8615,0.89,12286
alibaba,arthas,36661,2018-08-29T17:15:57Z,2025-08-29T09:20:16Z,Java,59,372,1722,0.82,540
AobingJava,JavaFamily,36607,2019-11-12T04:26:18Z,2025-08-29T14:15:37Z,Unknown,0,5,60,0.92,2
babysor,MockingBird,36582,2021-08-07T03:53:39Z,2025-08-29T10:24:48Z,Python,1,476,412,0.46,80
satwikkansal,wtfpython,36582,2017-08-28T20:22:19Z,2025-08-29T13:33:17Z,Python,2,66,157,0.70,113
usebruno,bruno,36488,2022-09-27T20:51:45Z,2025-08-29T14:21:11Z,JavaScript,141,1213,1860,0.61,1282
zbezj,HEU_KMS_Activator,36482,2019-06-23T00:49:35Z,2025-08-29T14:15:34Z,Unknown,48,155,28,0.15,0
httpie,cli,36465,2012-02-25T12:39:13Z,2025-08-29T06:06:46Z,Python,47,180,722,0.80,406
openai,gym,36423,2016-04-27T14:59:16Z,2025-08-29T13:38:17Z,Python,19,112,1726,0.94,998
chatboxai,chatbox,36407,2023-03-06T12:22:15Z,2025-08-29T12:03:46Z,TypeScript,47,836,1453,0.63,71
NanmiCoder,MediaCrawler,36394,2023-06-09T12:14:34Z,2025-08-29T13:54:53Z,Python,0,100,393,0.80,101
ToolJet,ToolJet,36378,2021-03-30T08:51:34Z,2025-08-29T13:46:19Z,JavaScript,322,632,4373,0.87,6695
hiroi-sora,Umi-OCR,36350,2022-03-28T04:01:46Z,2025-08-29T14:14:10Z,Python,31,272,512,0.65,56
google-research,google-research,36257,2018-10-04T18:42:48Z,2025-08-29T10:47:31Z,Jupyter Notebook,0,1060,343,0.24,29
rapid7,metasploit-framework,36239,2011-08-30T06:13:20Z,2025-08-29T06:59:35Z,Ruby,0,437,5844,0.93,11352
nushell,nushell,36238,2019-05-10T16:59:42Z,2025-08-29T10:06:31Z,Rust,111,1440,5215,0.78,7919
crewAIInc,crewAI,36225,2023-10-27T03:26:59Z,2025-08-29T13:53:09Z,Python,100,52,1445,0.97,950
open-guides,og-aws,36222,2016-07-13T17:30:16Z,2025-08-29T12:48:04Z,Shell,0,140,87,0.38,498
opentofu,manifesto,36079,2023-08-13T16:17:24Z,2025-08-29T11:40:40Z,HTML,0,12,14,0.54,765
date-fns,date-fns,36072,2014-10-06T10:24:22Z,2025-08-29T13:49:52Z,TypeScript,122,631,1367,0.68,1068
docker,compose,36061,2013-12-09T11:40:58Z,2025-08-29T12:34:46Z,Go,263,70,8050,0.99,3554
shadowsocks,shadowsocks-android,36054,2012-12-16T13:40:29Z,2025-08-29T14:12:23Z,Kotlin,185,48,2457,0.98,256
lerna,lerna,36014,2015-12-04T09:36:55Z,2025-08-29T11:41:34Z,TypeScript,244,400,2277,0.85,997
chatchat-space,Langchain-Chatchat,35973,2023-03-31T12:12:45Z,2025-08-29T09:54:19Z,TypeScript,31,103,4085,0.98,615
XingangPan,DragGAN,35907,2023-05-18T10:08:02Z,2025-08-28T17:42:17Z,Python,0,145,46,0.24,18
imputnet,cobalt,35908,2022-07-08T18:12:55Z,2025-08-29T14:15:54Z,Svelte,0,164,777,0.83,243
SheetJS,sheetjs,35878,2012-12-03T19:25:52Z,2025-08-29T09:11:32Z,Unknown,0,119,2267,0.95,106
formulahendry,955.WLB,35863,2019-03-27T23:53:37Z,2025-08-29T13:53:26Z,Unknown,0,181,82,0.31,18
HeyPuter,puter,35844,2024-03-03T01:44:32Z,2025-08-29T13:48:30Z,JavaScript,8,167,531,0.76,601
zen-browser,desktop,35774,2024-03-28T00:05:55Z,2025-08-29T14:17:58Z,C++,118,413,6598,0.94,494
geekxh,hello-algorithm,35752,2020-05-29T05:47:09Z,2025-08-29T00:58:55Z,Java,0,11,33,0.75,26
typeorm,typeorm,35729,2016-02-29T07:41:14Z,2025-08-29T13:50:07Z,TypeScript,38,2348,6060,0.72,2178
carbon-app,carbon,35657,2017-06-16T02:50:28Z,2025-08-29T09:53:00Z,JavaScript,215,60,627,0.91,668
koajs,koa,35609,2013-07-20T18:53:45Z,2025-08-29T12:24:39Z,JavaScript,9,17,909,0.98,522
microsoft,ai-agents-for-beginners,35597,2024-11-28T10:42:52Z,2025-08-29T13:43:51Z,Jupyter Notebook,0,9,58,0.87,157
hankcs,HanLP,35556,2014-10-09T06:36:16Z,2025-08-29T12:11:24Z,Python,62,8,1421,0.99,79
kilimchoi,engineering-blogs,35530,2015-06-13T18:25:17Z,2025-08-29T14:21:10Z,Ruby,0,23,74,0.76,681
PKUanonym,REKCARC-TSC-UHT,35465,2019-04-05T03:31:23Z,2025-08-29T14:05:20Z,HTML,0,2,30,0.94,171
alvarotrigo,fullPage.js,35464,2013-09-20T11:58:29Z,2025-08-27T16:45:32Z,JavaScript,105,132,3999,0.97,320
airbnb,lottie-android,35461,2016-10-06T22:42:42Z,2025-08-29T00:13:08Z,Java,59,34,1745,0.98,713
mindsdb,mindsdb,35456,2018-08-02T17:56:45Z,2025-08-29T12:07:40Z,Python,312,43,4265,0.99,5379
markedjs,marked,35431,2011-07-24T13:15:51Z,2025-08-29T13:10:46Z,TypeScript,157,12,1593,0.99,1557
jondot,awesome-react-native,35339,2015-03-26T19:58:06Z,2025-08-29T09:07:13Z,JavaScript,0,38,35,0.48,912
spacedriveapp,spacedrive,35314,2021-09-27T05:09:04Z,2025-08-29T12:48:11Z,TypeScript,26,119,388,0.77,1881
nativefier,nativefier,35289,2015-07-05T05:56:42Z,2025-08-28T09:38:04Z,TypeScript,99,255,982,0.79,261
junegunn,vim-plug,35182,2013-09-10T14:58:51Z,2025-08-29T13:49:54Z,Vim Script,8,71,966,0.93,177
twentyhq,twenty,35171,2022-12-01T13:04:40Z,2025-08-29T13:35:54Z,TypeScript,46,211,5036,0.96,7263
sqlmapproject,sqlmap,35149,2012-06-26T09:52:15Z,2025-08-29T12:28:40Z,Python,10,49,5300,0.99,173
huggingface,pytorch-image-models,35136,2019-02-02T05:51:12Z,2025-08-29T14:16:52Z,Python,69,51,947,0.95,479
pola-rs,polars,35114,2020-05-13T19:45:33Z,2025-08-29T14:15:22Z,Rust,227,2577,8766,0.77,11534
alebcay,awesome-shell,35084,2014-07-07T01:57:42Z,2025-08-29T13:47:20Z,Unknown,0,39,23,0.37,307
sahat,hackathon-starter,35054,2013-11-13T17:24:12Z,2025-08-28T13:44:23Z,JavaScript,17,10,671,0.99,357
unknwon,the-way-to-go_ZH_CN,35019,2013-03-24T17:18:38Z,2025-08-29T09:43:33Z,Go,0,0,0,0.00,592
bumptech,glide,34948,2013-07-08T22:52:33Z,2025-08-29T08:46:38Z,Java,47,565,3920,0.87,578
mudler,LocalAI,34918,2023-03-18T22:58:02Z,2025-08-29T13:18:00Z,Go,83,360,727,0.67,3956
TeamNewPipe,NewPipe,34918,2015-09-03T23:39:26Z,2025-08-29T13:48:52Z,Java,137,1225,8414,0.87,1664
yeongpin,cursor-free-vip,34896,2025-01-11T08:14:22Z,2025-08-29T14:15:56Z,Python,69,562,473,0.46,74
fengdu78,Coursera-ML-AndrewNg-Notes,34872,2017-11-04T10:04:08Z,2025-08-29T13:56:05Z,HTML,0,53,15,0.22,14
ghostty-org,ghostty,34852,2022-03-29T17:38:26Z,2025-08-29T14:11:06Z,Zig,1,161,1643,0.91,2653
doocs,leetcode,34852,2018-09-16T14:03:03Z,2025-08-29T13:13:19Z,Java,21,0,56,1.00,4108
reworkd,AgentGPT,34826,2023-04-07T02:29:19Z,2025-08-29T10:02:12Z,TypeScript,12,130,337,0.72,539
outline,outline,34811,2016-05-22T21:31:47Z,2025-08-29T13:33:52Z,TypeScript,147,92,3417,0.97,3360
charmbracelet,bubbletea,34778,2020-01-10T21:04:03Z,2025-08-29T13:30:34Z,Go,62,76,295,0.80,629
sorrycc,awesome-javascript,34523,2014-07-01T15:59:02Z,2025-08-29T09:07:42Z,Unknown,0,5,88,0.95,393
BVLC,caffe,34512,2013-09-12T18:39:48Z,2025-08-29T08:11:23Z,C++,14,899,3902,0.81,1087
roboflow,supervision,34458,2022-11-28T14:08:44Z,2025-08-29T14:15:33Z,Python,33,74,415,0.85,967
fastify,fastify,34440,2016-09-28T19:10:14Z,2025-08-29T09:11:39Z,JavaScript,298,78,2015,0.96,3136
chenfei-wu,TaskMatrix,34402,2023-03-02T09:04:28Z,2025-08-29T05:44:41Z,Python,0,221,136,0.38,21
huiyadanli,RevokeMsgPatcher,34401,2019-07-21T15:12:52Z,2025-08-29T13:09:15Z,C#,21,45,857,0.95,11
netty,netty,34384,2010-11-09T09:22:21Z,2025-08-29T13:41:53Z,Java,0,611,6107,0.91,4440
nodejs,node-v0.x-archive,34379,2009-05-27T16:29:46Z,2025-08-29T08:31:01Z,Unknown,0,0,6379,1.00,218
ManimCommunity,manim,34358,2020-05-19T02:37:13Z,2025-08-29T14:19:42Z,Python,29,375,1308,0.78,1926
fxsjy,jieba,34356,2012-09-29T07:52:01Z,2025-08-29T08:33:24Z,Python,9,637,229,0.26,96
jaredpalmer,formik,34291,2017-06-14T19:50:59Z,2025-08-29T09:48:19Z,TypeScript,196,702,1558,0.69,829
karpathy,LLM101n,34287,2024-05-27T00:23:38Z,2025-08-29T09:12:08Z,Unknown,0,0,0,0.00,0
portainer,portainer,34252,2016-05-19T20:15:28Z,2025-08-29T14:21:51Z,TypeScript,163,617,5283,0.90,4778
xitu,gold-miner,34248,2015-11-04T03:29:13Z,2025-08-29T10:53:58Z,Unknown,0,9,5592,1.00,3563
myshell-ai,OpenVoice,34231,2023-11-29T12:17:01Z,2025-08-29T11:54:55Z,Python,0,252,67,0.21,17
geekan,HowToLiveLonger,34225,2022-04-16T04:15:18Z,2025-08-29T12:40:06Z,Unknown,0,35,103,0.75,14
llvm,llvm-project,34199,2016-12-07T09:39:33Z,2025-08-29T14:13:25Z,LLVM,137,26377,60332,0.70,56462
zenorocha,clipboard.js,34157,2015-09-18T23:04:55Z,2025-08-29T09:11:37Z,JavaScript,42,11,618,0.98,117
solidjs,solid,34142,2018-04-24T16:36:27Z,2025-08-29T11:37:39Z,TypeScript,35,101,996,0.91,385
anoma,anoma,34073,2021-02-02T10:00:16Z,2025-08-29T12:46:49Z,Elixir,10,121,578,0.83,856
jaywcjlove,linux-command,34063,2016-11-12T15:44:26Z,2025-08-29T10:21:51Z,Markdown,31,74,133,0.64,359
testerSunshine,12306,34050,2017-05-17T12:23:40Z,2025-08-29T09:34:49Z,Python,1,225,466,0.67,31
typicode,husky,34048,2014-06-23T12:14:21Z,2025-08-29T10:21:47Z,JavaScript,80,73,1016,0.93,262
atlassian,react-beautiful-dnd,34034,2017-08-09T03:37:15Z,2025-08-29T13:22:38Z,JavaScript,68,572,1045,0.65,530
laravel,framework,34019,2013-01-10T21:27:28Z,2025-08-29T14:17:52Z,PHP,860,41,18844,1.00,16678
python-poetry,poetry,33884,2018-02-28T15:23:47Z,2025-08-29T13:07:31Z,Python,142,519,5717,0.92,2335
xkcoding,spring-boot-demo,33864,2017-11-10T06:27:29Z,2025-08-29T10:17:33Z,Java,0,100,73,0.42,15
geekcomputers,Python,33814,2011-11-30T09:04:08Z,2025-08-29T13:38:16Z,Python,0,339,149,0.31,1857
zsh-users,zsh-autosuggestions,33701,2013-10-26T16:09:37Z,2025-08-29T12:50:59Z,Shell,0,154,458,0.75,116
deepseek-ai,awesome-deepseek-integration,33668,2024-01-11T02:43:17Z,2025-08-29T10:06:50Z,Unknown,0,88,40,0.31,230
halfrost,LeetCode-Go,33656,2017-07-18T00:06:14Z,2025-08-29T09:07:52Z,Go,4,16,64,0.80,178
shadowsocks,shadowsocks,33653,2012-04-20T13:10:49Z,2025-08-29T14:14:53Z,Python,2,0,0,0.00,70
Blankj,AndroidUtilCode,33627,2016-07-30T18:18:32Z,2025-08-29T14:13:28Z,Java,117,309,1280,0.81,88
alibaba,easyexcel,33600,2018-02-06T03:14:08Z,2025-08-29T10:18:10Z,Java,14,489,3131,0.86,190
TheAlgorithms,JavaScript,33561,2017-07-13T06:12:33Z,2025-08-29T14:16:11Z,JavaScript,0,9,200,0.96,795
zxing,zxing,33554,2011-10-12T14:07:27Z,2025-08-29T09:20:32Z,Java,31,4,1322,1.00,324
AFNetworking,AFNetworking,33543,2011-05-31T21:28:44Z,2025-08-29T10:39:31Z,Objective-C,40,0,0,0.00,710
ShareX,ShareX,33533,2013-10-08T23:32:10Z,2025-08-29T10:30:52Z,C#,83,522,6381,0.92,751
aseprite,aseprite,33524,2014-08-19T23:44:50Z,2025-08-29T14:18:19Z,C++,118,1788,2514,0.58,416
mattermost,mattermost,33492,2015-06-15T06:50:02Z,2025-08-29T12:57:26Z,TypeScript,847,673,8381,0.93,19286
veggiemonk,awesome-docker,33490,2014-09-21T17:01:48Z,2025-08-29T13:29:48Z,Unknown,1,3,127,0.98,940
exelban,stats,33416,2019-05-29T19:24:56Z,2025-08-29T13:14:07Z,Swift,303,23,2166,0.99,410
ryanhanwu,How-To-Ask-Questions-The-Smart-Way,33404,2015-03-28T16:52:40Z,2025-08-29T12:47:47Z,JavaScript,0,9,20,0.69,98
ehang-io,nps,33340,2018-11-04T13:22:51Z,2025-08-29T09:32:10Z,Go,59,503,697,0.58,74
Pythagora-io,gpt-pilot,33326,2023-08-16T11:56:07Z,2025-08-29T10:45:35Z,Python,0,236,314,0.57,393
jax-ml,jax,33302,2018-10-25T21:25:02Z,2025-08-29T14:07:48Z,Python,126,1602,4887,0.75,15218
XX-net,XX-Net,33301,2015-01-15T09:35:51Z,2025-08-29T05:11:07Z,Python,390,7918,5407,0.41,363
danielmiessler,Fabric,33229,2024-01-03T23:18:31Z,2025-08-29T13:30:21Z,JavaScript,256,77,667,0.90,443
PatrickJS,awesome-cursorrules,33194,2024-09-16T15:38:38Z,2025-08-29T14:09:33Z,MDX,0,34,8,0.19,65
carbon-language,carbon-lang,33174,2020-04-27T21:45:16Z,2025-08-29T13:01:32Z,C++,418,156,560,0.78,4371
mifi,lossless-cut,33173,2016-10-30T10:49:56Z,2025-08-29T14:20:20Z,TypeScript,100,207,1428,0.87,202
adobe,brackets,33157,2011-12-07T21:14:40Z,2025-08-28T12:52:30Z,JavaScript,69,2617,7063,0.73,4332
harness,harness,33149,2014-02-07T07:54:44Z,2025-08-29T11:38:12Z,Go,53,74,1933,0.96,1047
immutable-js,immutable-js,33064,2014-07-02T06:02:29Z,2025-08-28T07:51:57Z,TypeScript,89,93,1169,0.93,598
gulpjs,gulp,33063,2013-07-04T05:26:06Z,2025-08-28T07:05:28Z,JavaScript,24,29,1908,0.99,411
SeleniumHQ,selenium,33060,2013-01-14T21:40:56Z,2025-08-29T13:12:04Z,Java,108,153,10792,0.99,3036
RSSNext,Folo,33032,2024-04-08T03:23:35Z,2025-08-29T13:59:55Z,TypeScript,71,206,2059,0.91,1263
hashicorp,vault,33016,2015-02-25T00:15:59Z,2025-08-29T14:04:32Z,Go,169,1142,5245,0.82,21305
qishibo,AnotherRedisDesktopManager,33009,2019-01-08T06:01:56Z,2025-08-29T10:28:25Z,JavaScript,53,138,929,0.87,152
YunaiV,ruoyi-vue-pro,33005,2021-01-24T03:18:25Z,2025-08-29T12:42:10Z,Java,44,3,649,1.00,64
bilibili,ijkplayer,33005,2013-06-03T04:12:04Z,2025-08-29T10:27:56Z,C,0,2828,2548,0.47,35
CMU-Perceptual-Computing-Lab,openpose,32967,2017-04-24T14:06:31Z,2025-08-29T10:59:19Z,C++,15,337,1667,0.83,174
lllyasviel,ControlNet,32962,2023-02-01T02:43:30Z,2025-08-29T13:47:01Z,Python,0,431,138,0.24,4
pathwaycom,pathway,32848,2022-11-27T13:01:14Z,2025-08-29T14:17:21Z,Python,76,43,55,0.56,5
shadowsocks,ShadowsocksX-NG,32829,2016-06-10T11:49:00Z,2025-08-29T13:02:12Z,Swift,30,309,1050,0.77,64
bayandin,awesome-awesomeness,32828,2014-07-08T05:44:19Z,2025-08-29T11:17:09Z,Ruby,0,16,52,0.76,197
AmruthPillai,Reactive-Resume,32744,2020-03-25T14:08:22Z,2025-08-29T14:05:07Z,TypeScript,95,324,1248,0.79,633
TheAlgorithms,C-Plus-Plus,32735,2016-07-16T10:19:45Z,2025-08-29T14:15:39Z,C++,0,10,312,0.97,688
lib-pku,libpku,32729,2018-11-22T13:33:06Z,2025-08-29T13:58:00Z,TeX,0,11,32,0.74,22
qbittorrent,qBittorrent,32721,2012-02-04T09:37:46Z,2025-08-29T12:51:35Z,C++,0,2305,14570,0.86,3936
facebookresearch,detectron2,32654,2019-09-05T21:30:20Z,2025-08-29T13:49:20Z,Python,10,465,3091,0.87,0
swc-project,swc,32652,2017-12-22T11:40:14Z,2025-08-29T12:20:49Z,Rust,716,402,3579,0.90,5605
alan2207,bulletproof-react,32601,2021-05-30T14:47:16Z,2025-08-29T13:53:36Z,TypeScript,0,38,77,0.67,70
DataTalksClub,data-engineering-zoomcamp,32503,2021-10-21T09:32:50Z,2025-08-29T13:38:13Z,Jupyter Notebook,0,2,134,0.99,395
pnpm,pnpm,32492,2016-01-28T07:40:43Z,2025-08-29T13:30:25Z,TypeScript,1000,1889,3018,0.62,2683
jqlang,jq,32482,2012-07-18T19:57:25Z,2025-08-29T13:54:38Z,C,15,363,1920,0.84,641
agno-agi,agno,32465,2022-05-04T15:23:02Z,2025-08-29T11:51:14Z,Python,88,128,1155,0.90,1803
drawdb-io,drawdb,32437,2023-07-16T17:09:20Z,2025-08-29T10:56:46Z,JavaScript,0,86,157,0.65,237
pbatard,rufus,32431,2011-11-19T19:12:05Z,2025-08-29T12:14:44Z,C,84,9,2503,1.00,1
certbot,certbot,32419,2014-11-12T02:52:20Z,2025-08-29T06:45:08Z,Python,62,127,5340,0.98,4010
CorentinTh,it-tools,32415,2020-04-05T11:50:24Z,2025-08-29T13:04:45Z,Vue,10,419,201,0.32,491
refinedev,refine,32395,2021-01-20T12:01:32Z,2025-08-29T14:14:18Z,TypeScript,1000,34,1624,0.98,4430
duckdb,duckdb,32389,2018-06-26T15:04:45Z,2025-08-29T13:49:07Z,C++,51,463,5679,0.92,8263
explosion,spaCy,32368,2014-07-03T15:15:40Z,2025-08-29T11:25:40Z,Python,129,169,5550,0.97,3590
xinntao,Real-ESRGAN,32324,2021-07-19T03:23:30Z,2025-08-29T13:31:51Z,Python,10,559,172,0.24,21
ibraheemdev,modern-unix,32323,2021-01-12T00:50:14Z,2025-08-29T14:22:46Z,Unknown,0,53,30,0.36,15
CherryHQ,cherry-studio,32321,2024-05-24T01:56:26Z,2025-08-29T14:16:01Z,TypeScript,194,543,5939,0.92,2005
gchq,CyberChef,32311,2016-11-28T10:34:07Z,2025-08-29T13:56:27Z,JavaScript,447,433,627,0.59,510
pcottle,learnGitBranching,32290,2012-08-13T22:36:09Z,2025-08-29T07:32:24Z,JavaScript,0,49,467,0.91,606
google,material-design-lite,32263,2015-01-14T22:01:33Z,2025-08-28T07:05:49Z,HTML,14,382,1813,0.83,655
ueberdosis,tiptap,32259,2018-08-20T19:58:58Z,2025-08-29T10:47:28Z,TypeScript,899,712,2543,0.78,1261
SerenityOS,serenity,32256,2018-12-02T19:28:41Z,2025-08-29T12:48:10Z,C++,0,726,3524,0.83,19540
beego,beego,32219,2012-02-29T02:32:08Z,2025-08-29T09:46:30Z,Go,42,8,3366,1.00,1325
directus,directus,32218,2012-12-12T01:35:36Z,2025-08-29T14:15:44Z,TypeScript,343,307,9067,0.97,8098
mckaywrigley,chatbot-ui,32179,2023-03-11T14:53:14Z,2025-08-29T13:13:52Z,TypeScript,0,176,817,0.82,280
lizongying,my-tv,32146,2023-12-04T12:18:39Z,2025-08-29T12:26:32Z,C,72,145,774,0.84,11
The-Run-Philosophy-Organization,run,32109,2022-04-10T05:42:40Z,2025-08-29T08:37:00Z,Unknown,0,42,214,0.84,171
balena-io,etcher,32013,2015-10-27T16:53:23Z,2025-08-29T10:26:22Z,TypeScript,289,556,1826,0.77,1731
TabbyML,tabby,32007,2023-03-16T09:18:01Z,2025-08-29T14:05:48Z,Rust,243,208,735,0.78,2971
alibaba,nacos,32000,2018-06-15T06:49:27Z,2025-08-29T12:36:16Z,Java,84,250,8912,0.97,3163
chatanywhere,GPT_API_free,31983,2023-04-23T12:42:08Z,2025-08-29T14:13:51Z,Python,0,26,353,0.93,1
vnpy,vnpy,31948,2015-03-02T03:36:58Z,2025-08-29T14:02:43Z,Python,64,18,2110,0.99,1056
Chanzhaoyu,chatgpt-web,31941,2023-02-09T03:21:37Z,2025-08-29T09:31:56Z,Vue,43,0,1747,1.00,159
anthropics,claude-code,31920,2025-02-22T17:41:21Z,2025-08-29T14:22:52Z,TypeScript,0,2862,3767,0.57,66
yewstack,yew,31908,2017-12-16T14:19:02Z,2025-08-29T07:06:31Z,Rust,35,115,1143,0.91,1804
v2fly,v2ray-core,31869,2019-04-15T10:05:54Z,2025-08-29T13:34:57Z,Go,111,40,1002,0.96,909
vercel,swr,31869,2019-10-28T18:16:01Z,2025-08-29T12:24:41Z,TypeScript,123,142,817,0.85,795
mpv-player,mpv,31852,2012-10-13T08:08:44Z,2025-08-29T12:45:39Z,C,87,909,9650,0.91,3506
ziadoz,awesome-php,31851,2013-11-26T03:14:19Z,2025-08-29T10:41:46Z,Unknown,0,1,152,0.99,453
binarywang,WxJava,31821,2016-01-06T08:24:05Z,2025-08-29T12:47:52Z,Java,30,66,2307,0.97,1053
Trinea,android-open-project,31798,2014-01-05T15:20:15Z,2025-08-29T12:33:58Z,Unknown,0,11,75,0.87,204
shardeum,shardeum,31763,2024-04-16T22:37:25Z,2025-08-29T10:23:11Z,TypeScript,0,5,33,0.87,325
mouredev,Hello-Python,31757,2022-08-03T17:14:53Z,2025-08-29T12:32:41Z,Python,0,20,275,0.93,0
facebookresearch,fairseq,31755,2017-08-29T16:26:12Z,2025-08-29T14:11:04Z,Python,16,1191,3056,0.72,234
RVC-Project,Retrieval-based-Voice-Conversion-WebUI,31710,2023-03-27T09:59:10Z,2025-08-29T14:06:37Z,Python,7,624,1299,0.68,475
zeromicro,go-zero,31700,2020-08-07T15:37:57Z,2025-08-29T12:13:12Z,Go,140,230,1644,0.88,2325
floating-ui,floating-ui,31677,2016-03-29T17:00:47Z,2025-08-29T09:11:38Z,TypeScript,497,27,1430,0.98,1190
hasura,graphql-engine,31673,2018-06-18T07:57:36Z,2025-08-29T09:11:46Z,TypeScript,294,2235,4145,0.65,2110
yunjey,pytorch-tutorial,31666,2017-03-10T07:41:47Z,2025-08-29T14:16:17Z,Python,0,66,114,0.63,28
open-mmlab,mmdetection,31619,2018-08-22T07:06:06Z,2025-08-29T03:43:10Z,Python,53,1752,6746,0.79,2359
qier222,YesPlayMusic,31580,2020-10-09T10:04:21Z,2025-08-29T12:50:30Z,Vue,31,608,1191,0.66,288
remix-run,remix,31571,2020-10-26T19:57:28Z,2025-08-29T14:04:49Z,TypeScript,176,5,2602,1.00,3442
kuchin,awesome-cto,31512,2016-12-16T19:22:18Z,2025-08-29T12:23:49Z,Unknown,0,0,11,1.00,18
niklasvh,html2canvas,31502,2011-07-16T01:05:58Z,2025-08-29T13:59:02Z,TypeScript,45,961,1660,0.63,186
labstack,echo,31461,2015-03-01T17:43:01Z,2025-08-29T10:52:54Z,Go,109,73,1392,0.95,593
amix,vimrc,31457,2012-05-29T16:19:29Z,2025-08-29T13:16:07Z,Vim Script,0,12,510,0.98,107
IceWhaleTech,CasaOS,31448,2021-09-26T02:33:09Z,2025-08-29T14:03:36Z,Go,97,682,880,0.56,274
ReactiveX,rxjs,31434,2015-03-15T06:17:10Z,2025-08-29T04:02:46Z,TypeScript,2,220,2940,0.93,2588
OpenCut-app,OpenCut,31389,2025-06-22T08:02:17Z,2025-08-29T14:17:52Z,TypeScript,0,113,72,0.39,181
airbnb,lottie-web,31375,2015-02-20T21:02:59Z,2025-08-29T10:57:27Z,JavaScript,0,769,2125,0.73,136
servo,servo,31365,2012-02-08T19:07:25Z,2025-08-29T13:31:40Z,HTML,0,2985,11068,0.79,20633
microsoft,MS-DOS,31359,2018-06-25T18:26:02Z,2025-08-29T05:20:11Z,Assembly,0,0,0,0.00,37
xyflow,xyflow,31314,2019-07-15T14:47:30Z,2025-08-29T13:35:19Z,TypeScript,350,84,2192,0.96,1404
lutzroeder,netron,31281,2010-12-26T12:53:43Z,2025-08-29T12:59:10Z,JavaScript,3,21,1201,0.98,1
cockroachdb,cockroach,31227,2014-02-06T00:18:47Z,2025-08-29T14:11:22Z,Go,0,6437,69484,0.92,67850
backstage,backstage,31223,2020-01-24T22:39:49Z,2025-08-29T14:09:34Z,TypeScript,445,363,6711,0.95,18983
cursor,cursor,31181,2023-03-12T00:19:42Z,2025-08-29T12:37:46Z,Unknown,0,2043,1215,0.37,46
mli,paper-reading,31168,2021-10-22T06:34:51Z,2025-08-29T12:08:30Z,Unknown,0,0,0,0.00,15
google-ai-edge,mediapipe,31126,2019-06-13T19:16:41Z,2025-08-29T08:41:26Z,C++,63,437,5037,0.92,201
0xAX,linux-insides,31106,2015-01-03T18:44:57Z,2025-08-29T11:18:31Z,Python,0,29,160,0.85,584
dokku,dokku,31088,2013-06-08T10:26:57Z,2025-08-29T10:14:52Z,Shell,303,45,2754,0.98,4170
ianstormtaylor,slate,31084,2016-06-18T01:52:42Z,2025-08-29T12:23:45Z,TypeScript,205,670,2530,0.79,1944
mqyqingfeng,Blog,31044,2017-03-13T10:04:33Z,2025-08-29T03:30:29Z,Unknown,0,261,100,0.28,3
lovell,sharp,31038,2013-08-19T20:24:24Z,2025-08-29T09:11:34Z,JavaScript,99,117,3868,0.97,303
vadimdemedes,ink,31021,2017-06-12T06:12:28Z,2025-08-29T13:39:43Z,TypeScript,64,75,302,0.80,237
1Panel-dev,1Panel,31012,2022-07-19T15:44:52Z,2025-08-29T14:19:33Z,Go,96,632,4793,0.88,3868
ocrmypdf,OCRmyPDF,30994,2013-12-20T08:26:28Z,2025-08-29T14:19:10Z,Python,41,132,1137,0.90,153
MonitorControl,MonitorControl,30975,2017-09-16T21:13:40Z,2025-08-29T12:23:51Z,Swift,26,14,971,0.99,216
mathiasbynens,dotfiles,30965,2011-09-05T18:07:54Z,2025-08-29T08:04:48Z,Shell,0,138,254,0.65,44
filebrowser,filebrowser,30962,2015-09-11T21:21:58Z,2025-08-29T13:26:33Z,Go,97,19,2734,0.99,608
paperless-ngx,paperless-ngx,30951,2022-02-12T21:56:52Z,2025-08-29T14:21:37Z,Python,123,0,2113,1.00,2578
coolsnowwolf,lede,30944,2017-09-06T07:39:03Z,2025-08-29T09:26:36Z,C,6,764,8395,0.92,2021
schollz,croc,30940,2017-10-17T15:20:18Z,2025-08-29T09:41:35Z,Go,175,10,530,0.98,236
XTLS,Xray-core,30914,2020-11-09T11:23:10Z,2025-08-29T14:13:55Z,Go,90,10,2550,1.00,1024
blueimp,jQuery-File-Upload,30888,2010-12-01T15:35:32Z,2025-08-29T10:26:48Z,PHP,0,49,3258,0.99,119
derailed,k9s,30878,2019-01-25T18:46:02Z,2025-08-29T14:01:48Z,Go,248,403,1738,0.81,840
kubernetes,minikube,30871,2016-04-15T22:38:35Z,2025-08-29T07:40:42Z,Go,151,505,9629,0.95,8812
khoj-ai,khoj,30820,2021-08-16T01:48:44Z,2025-08-29T09:46:50Z,Python,159,77,476,0.86,475
juanfont,headscale,30813,2020-06-21T09:21:05Z,2025-08-29T13:06:07Z,Go,124,94,1002,0.91,1060
apache,kafka,30778,2011-08-15T18:06:16Z,2025-08-29T13:24:00Z,Java,0,0,0,0.00,11854
pathwaycom,llm-app,30779,2023-07-19T08:43:37Z,2025-08-29T14:22:00Z,Jupyter Notebook,0,4,13,0.76,47
awesome-foss,awesome-sysadmin,30769,2014-12-23T08:41:22Z,2025-08-29T13:51:52Z,Unknown,0,14,88,0.86,329
fish-shell,fish-shell,30766,2012-05-10T03:00:55Z,2025-08-29T13:46:02Z,Rust,48,484,7190,0.94,2147
Textualize,textual,30764,2021-04-08T15:24:47Z,2025-08-29T14:21:38Z,Python,185,186,2078,0.92,2182
codex-team,editor.js,30739,2015-11-28T20:56:35Z,2025-08-29T08:58:24Z,TypeScript,102,600,922,0.61,863
alibaba,p3c,30731,2017-06-23T06:15:51Z,2025-08-29T12:24:42Z,Kotlin,0,161,697,0.81,62
donnemartin,interactive-coding-challenges,30703,2015-04-28T21:36:39Z,2025-08-29T13:49:56Z,Python,0,37,32,0.46,176
google,comprehensive-rust,30698,2022-12-21T15:17:24Z,2025-08-29T14:16:37Z,Rust,0,111,235,0.68,2174
SortableJS,Sortable,30694,2013-12-19T10:10:13Z,2025-08-29T12:25:01Z,JavaScript,30,473,1344,0.74,248
utmapp,UTM,30629,2019-04-12T16:09:24Z,2025-08-29T10:40:20Z,Swift,123,886,2543,0.74,267
k3s-io,k3s,30628,2018-05-31T01:37:46Z,2025-08-29T14:04:41Z,Go,888,136,6845,0.98,4080
nextcloud,server,30604,2016-06-02T07:44:14Z,2025-08-29T13:25:50Z,PHP,352,2256,17978,0.89,28304
TriliumNext,Trilium,30584,2017-05-23T00:30:20Z,2025-08-29T13:43:22Z,TypeScript,335,1102,3513,0.76,662
ityouknow,spring-boot-examples,30581,2016-11-05T05:32:33Z,2025-08-29T09:20:43Z,Java,0,10,99,0.91,7
microsoft,calculator,30561,2019-01-28T17:55:49Z,2025-08-29T09:27:21Z,C++,0,396,718,0.64,900
microsoft,Data-Science-For-Beginners,30558,2021-03-03T16:30:15Z,2025-08-29T13:27:05Z,Jupyter Notebook,0,13,107,0.89,338
exo-explore,exo,30552,2024-06-24T18:36:22Z,2025-08-29T14:11:23Z,Python,12,362,146,0.29,207
influxdata,influxdb,30548,2013-09-26T14:31:10Z,2025-08-29T13:44:50Z,Rust,94,2072,11971,0.85,10623
gkd-kit,gkd,30538,2023-07-04T03:59:15Z,2025-08-29T14:14:43Z,Kotlin,53,13,649,0.98,6
huggingface,diffusers,30520,2022-05-30T16:04:02Z,2025-08-29T10:15:01Z,Python,86,565,4420,0.89,5027
symfony,symfony,30519,2010-01-04T14:21:21Z,2025-08-29T10:44:59Z,PHP,557,541,20703,0.97,24330
parallax,jsPDF,30509,2009-12-06T14:56:32Z,2025-08-29T05:54:19Z,JavaScript,36,116,2445,0.95,721
openai,CLIP,30475,2020-12-16T11:24:42Z,2025-08-29T09:11:53Z,Jupyter Notebook,0,242,193,0.44,28
umami-software,umami,30448,2020-07-17T07:59:00Z,2025-08-29T13:56:13Z,TypeScript,99,79,1765,0.96,804
medusajs,medusa,30419,2020-01-18T13:39:04Z,2025-08-29T13:32:12Z,TypeScript,130,91,3194,0.97,7515
ascoders,weekly,30408,2017-03-20T06:10:04Z,2025-08-29T08:28:18Z,JavaScript,193,3,363,0.99,136
facebook,rocksdb,30402,2012-11-30T06:16:18Z,2025-08-29T13:15:38Z,C++,206,771,2636,0.77,609
webtorrent,webtorrent,30387,2013-10-15T08:16:40Z,2025-08-29T14:22:05Z,JavaScript,228,65,1598,0.96,963
iawia002,lux,30363,2018-02-24T11:29:03Z,2025-08-29T13:36:33Z,Go,86,520,540,0.51,300
fabricjs,fabric.js,30351,2010-06-09T22:24:38Z,2025-08-29T13:14:03Z,TypeScript,175,424,5762,0.93,2348
layui,layui,30339,2015-09-22T08:12:03Z,2025-08-29T10:04:28Z,JavaScript,159,64,1303,0.95,594
docsifyjs,docsify,30337,2016-11-20T07:55:43Z,2025-08-29T08:17:27Z,JavaScript,15,87,1200,0.93,732
tqdm,tqdm,30335,2015-06-03T13:13:14Z,2025-08-29T08:14:24Z,Python,131,439,587,0.57,287
Binaryify,NeteaseCloudMusicApi,30315,2016-06-22T11:58:03Z,2025-08-28T10:00:01Z,Unknown,0,147,1190,0.89,292
linexjlin,GPTs,30292,2023-11-11T03:24:16Z,2025-08-29T12:46:57Z,Unknown,0,7,21,0.75,42
DioxusLabs,dioxus,30292,2021-01-15T01:57:26Z,2025-08-29T14:23:56Z,Rust,25,432,1638,0.79,1769
numpy,numpy,30265,2010-09-13T23:02:39Z,2025-08-29T10:39:43Z,Python,132,2100,11403,0.84,13111
alpinejs,alpine,30246,2019-11-28T13:51:55Z,2025-08-27T23:49:00Z,HTML,137,0,612,1.00,657
AMAI-GmbH,AI-Expert-Roadmap,30219,2020-10-24T21:49:40Z,2025-08-29T09:11:53Z,JavaScript,0,20,46,0.70,13
joshbuchea,HEAD,30219,2016-04-20T20:05:37Z,2025-08-29T02:20:35Z,Unknown,0,20,73,0.78,87
OWASP,CheatSheetSeries,30172,2018-12-21T14:26:43Z,2025-08-29T11:34:25Z,Python,0,42,492,0.92,1081
transloadit,uppy,30168,2015-11-16T12:32:33Z,2025-08-29T06:23:48Z,TypeScript,257,163,2294,0.93,3116
s0md3v,roop,30164,2023-05-28T14:37:54Z,2025-08-29T08:34:58Z,Python,6,0,0,0.00,80
GyulyVGC,sniffnet,30162,2022-07-31T21:55:56Z,2025-08-29T12:23:12Z,Rust,14,42,239,0.85,430
sequelize,sequelize,30142,2010-07-22T07:11:11Z,2025-08-29T06:43:25Z,TypeScript,487,891,9511,0.91,4961
tatsu-lab,stanford_alpaca,30132,2023-03-10T23:33:09Z,2025-08-29T12:22:41Z,Python,0,170,98,0.37,5
OAI,OpenAPI-Specification,30128,2014-03-03T16:53:36Z,2025-08-29T13:52:49Z,Markdown,12,141,2225,0.94,1589
Lightning-AI,pytorch-lightning,30041,2019-03-31T00:45:57Z,2025-08-29T13:01:42Z,Python,168,902,6502,0.88,9098
chinabugotech,hutool,30022,2014-04-13T07:23:51Z,2025-08-29T09:20:48Z,Java,153,3,2994,1.00,456
drizzle-team,drizzle-orm,30012,2021-06-24T09:03:05Z,2025-08-29T14:01:01Z,TypeScript,147,1443,1693,0.54,611
tinygrad,tinygrad,29962,2020-10-18T16:23:12Z,2025-08-29T14:19:39Z,Python,13,133,848,0.86,8040
surrealdb,surrealdb,29951,2021-12-09T15:03:29Z,2025-08-29T14:22:43Z,Rust,92,646,1518,0.70,2157
VincentGarreau,particles.js,29925,2014-09-06T14:29:47Z,2025-08-29T12:28:36Z,JavaScript,6,305,106,0.26,21
AdguardTeam,AdGuardHome,29886,2016-07-06T10:31:47Z,2025-08-29T13:18:14Z,Go,214,1134,4632,0.80,125
restic,restic,29826,2014-04-27T14:07:58Z,2025-08-29T09:36:23Z,Go,48,425,2392,0.85,2184
wailsapp,wails,29814,2018-12-15T23:14:06Z,2025-08-29T13:14:41Z,Go,243,261,1876,0.88,1504
hyprwm,Hyprland,29807,2022-03-16T19:49:13Z,2025-08-29T13:58:19Z,C++,96,61,7216,0.99,1892
DevToys-app,DevToys,29791,2021-09-29T01:40:41Z,2025-08-29T09:09:07Z,C#,38,276,658,0.70,497
firecracker-microvm,firecracker,29789,2017-10-19T06:18:47Z,2025-08-29T14:11:44Z,Rust,79,48,1406,0.97,3201
square,leakcanary,29788,2015-04-29T23:54:16Z,2025-08-29T12:26:01Z,Kotlin,43,126,1510,0.92,921
nothings,stb,29776,2014-05-25T16:51:23Z,2025-08-29T13:19:30Z,C,0,199,694,0.78,288
foundation,foundation-sites,29771,2011-10-13T23:05:42Z,2025-08-28T06:36:47Z,HTML,79,57,8179,0.99,2958
herrbischoff,awesome-macos-command-line,29762,2015-09-22T19:37:55Z,2025-08-29T05:01:15Z,Unknown,0,0,0,0.00,104
jobbole,awesome-python-cn,29759,2015-11-03T09:50:50Z,2025-08-29T09:44:39Z,Makefile,0,13,18,0.58,51
vbenjs,vue-vben-admin,29727,2020-07-11T02:29:21Z,2025-08-29T12:31:08Z,Vue,60,133,3480,0.96,1641
facebook,folly,29720,2012-06-01T20:49:04Z,2025-08-29T12:41:02Z,C++,255,294,931,0.76,13
cheeriojs,cheerio,29714,2011-10-09T04:23:20Z,2025-08-29T09:41:26Z,TypeScript,61,22,1199,0.98,2847
trailofbits,algo,29711,2016-05-15T03:42:48Z,2025-08-29T13:19:09Z,Python,3,76,1543,0.95,576
vuejs,vue-cli,29709,2015-12-26T23:11:20Z,2025-08-29T05:11:16Z,JavaScript,178,935,4563,0.83,1259
nicolargo,glances,29680,2011-12-04T08:49:15Z,2025-08-29T14:06:51Z,Python,51,127,1937,0.94,743
microsoft,WSL,29673,2016-04-06T17:32:56Z,2025-08-29T10:10:49Z,C++,94,1016,10732,0.91,139
iperov,DeepFaceLive,29663,2020-12-15T12:19:22Z,2025-08-29T13:21:45Z,Python,35,1,130,0.99,13
motiondivision,motion,29631,2018-11-16T09:48:38Z,2025-08-29T13:46:28Z,TypeScript,0,290,1570,0.84,1062
JushBJJ,Mr.-Ranedeer-AI-Tutor,29626,2023-03-31T12:37:26Z,2025-08-29T12:38:02Z,Unknown,3,13,34,0.72,18
apolloconfig,apollo,29625,2016-03-04T10:24:23Z,2025-08-29T12:25:01Z,Java,41,145,3212,0.96,1449
danny-avila,LibreChat,29558,2023-02-12T01:06:52Z,2025-08-29T13:52:15Z,TypeScript,59,162,3156,0.95,2154
elsewhencode,project-guidelines,29557,2017-06-30T10:17:55Z,2025-08-29T09:50:00Z,JavaScript,0,10,29,0.74,113
react-boilerplate,react-boilerplate,29535,2015-02-18T14:36:32Z,2025-08-29T08:31:51Z,JavaScript,16,86,1823,0.95,715
aosabook,500lines,29520,2013-11-04T02:02:53Z,2025-08-29T09:44:15Z,JavaScript,0,29,41,0.59,175
mantinedev,mantine,29498,2021-01-07T14:02:19Z,2025-08-29T07:33:04Z,TypeScript,272,23,3224,0.99,1494
ariya,phantomjs,29478,2010-12-27T08:18:58Z,2025-08-28T08:20:21Z,C++,0,14,4731,1.00,562
pmndrs,react-three-fiber,29440,2019-02-25T14:31:51Z,2025-08-29T13:01:16Z,TypeScript,125,82,1042,0.93,651
tokio-rs,tokio,29422,2016-09-09T22:31:36Z,2025-08-29T09:12:22Z,Rust,138,336,2191,0.87,3596
encode,django-rest-framework,29415,2011-03-02T17:13:56Z,2025-08-29T03:32:36Z,Python,21,58,3887,0.99,3021
heyverse,hey,29397,2022-03-19T15:01:46Z,2025-08-28T21:18:28Z,TypeScript,0,0,0,0.00,3765
IanLunn,Hover,29378,2014-01-02T14:27:35Z,2025-08-29T12:47:51Z,SCSS,10,24,82,0.77,23
AllThingsSmitty,css-protips,29367,2015-08-29T12:29:03Z,2025-08-29T14:17:44Z,Unknown,0,1,61,0.98,73
alibaba,canal,29351,2013-01-13T10:59:52Z,2025-08-29T13:28:29Z,Java,32,1163,3572,0.75,473
standard,standard,29342,2015-01-27T01:23:31Z,2025-08-28T16:18:57Z,JavaScript,7,110,1122,0.91,411
GoogleChrome,lighthouse,29314,2016-03-08T01:03:11Z,2025-08-29T14:10:32Z,JavaScript,126,487,8698,0.95,5480
keycloak,keycloak,29281,2013-07-02T13:38:51Z,2025-08-29T13:21:44Z,Java,87,2003,13329,0.87,17594
hashicorp,consul,29254,2013-11-04T22:15:27Z,2025-08-29T11:35:33Z,Go,217,1270,4270,0.77,13768
ageron,handson-ml2,29249,2019-01-08T03:49:07Z,2025-08-29T12:40:55Z,Jupyter Notebook,0,217,300,0.58,64
xuxueli,xxl-job,29227,2015-11-28T12:59:34Z,2025-08-29T11:27:39Z,Java,39,208,3033,0.94,116
ajeetdsouza,zoxide,29226,2020-03-05T13:11:40Z,2025-08-29T14:15:01Z,Rust,36,101,581,0.85,227
microsoft,qlib,29204,2020-08-14T06:46:00Z,2025-08-29T14:11:51Z,Python,23,259,724,0.74,725
lukehoban,es6features,29195,2014-03-03T18:29:30Z,2025-08-29T00:22:51Z,Unknown,0,21,36,0.63,41
realpython,python-guide,29188,2011-03-15T03:24:20Z,2025-08-28T19:19:34Z,Batchfile,0,99,180,0.65,683
spf13,viper,29164,2014-04-02T14:33:33Z,2025-08-29T11:53:33Z,Go,34,412,490,0.54,507
XIU2,TrackersListCollection,29159,2019-10-03T15:55:07Z,2025-08-29T11:03:28Z,Unknown,0,0,0,0.00,7
GorvGoyl,Clone-Wars,29150,2020-12-02T11:10:16Z,2025-08-29T10:12:05Z,Unknown,0,12,70,0.85,130
google-research,tuning_playbook,29111,2023-01-18T23:32:32Z,2025-08-29T13:30:15Z,Unknown,0,11,34,0.76,14
sampotts,plyr,29101,2015-02-14T11:33:07Z,2025-08-29T13:03:52Z,JavaScript,92,882,1221,0.58,391
kodecocodes,swift-algorithm-club,29098,2016-01-26T17:56:12Z,2025-08-29T01:12:27Z,Swift,0,32,183,0.85,610
composer,composer,29094,2011-06-08T08:53:00Z,2025-08-29T13:32:50Z,PHP,215,115,7763,0.99,2963
refined-github,refined-github,29074,2016-02-15T16:45:02Z,2025-08-29T13:04:21Z,TypeScript,175,132,4388,0.97,3440
CSSEGISandData,COVID-19,29044,2020-02-04T22:03:53Z,2025-08-29T04:47:50Z,Unknown,0,1680,2079,0.55,2152
wuyouzhuguli,SpringAll,28936,2018-05-02T02:48:44Z,2025-08-29T07:33:44Z,Java,0,21,27,0.56,1
meta-llama,llama3,28936,2024-03-15T17:57:00Z,2025-08-29T05:26:04Z,Python,0,174,119,0.41,23
Pierian-Data,Complete-Python-3-Bootcamp,28876,2018-02-12T19:30:10Z,2025-08-29T13:14:24Z,Jupyter Notebook,0,144,225,0.61,12
pmndrs,react-spring,28867,2018-03-07T15:39:32Z,2025-08-29T02:43:23Z,TypeScript,52,116,1143,0.91,437
postcss,postcss,28860,2013-09-24T23:06:48Z,2025-08-29T09:11:34Z,TypeScript,268,27,998,0.97,760
tastejs,todomvc,28829,2011-06-03T19:56:33Z,2025-08-29T09:50:17Z,JavaScript,6,123,661,0.84,760
dragonflydb,dragonfly,28798,2021-12-11T10:00:42Z,2025-08-29T13:25:54Z,C++,108,274,1592,0.85,3337
StevenBlack,hosts,28761,2012-04-12T20:22:50Z,2025-08-29T14:17:23Z,Python,781,115,1999,0.95,486
PostHog,posthog,28757,2020-01-23T22:46:58Z,2025-08-29T14:23:41Z,Python,19,2166,5595,0.72,25322
kovidgoyal,kitty,28753,2016-10-16T14:48:28Z,2025-08-29T14:07:45Z,Python,128,12,6272,1.00,1133
alibaba,spring-cloud-alibaba,28724,2017-12-01T20:49:15Z,2025-08-29T09:20:52Z,Java,48,196,2306,0.92,1082
wesbos,JavaScript30,28697,2016-12-07T19:15:31Z,2025-08-29T13:30:33Z,HTML,0,0,0,0.00,153
cfenollosa,os-tutorial,28685,2014-09-29T08:39:34Z,2025-08-29T13:34:40Z,C,0,75,105,0.58,11
statelyai,xstate,28655,2015-09-14T15:04:15Z,2025-08-29T06:48:06Z,TypeScript,443,108,1288,0.92,1978
feder-cr,Jobs_Applier_AI_Agent_AIHawk,28651,2024-08-04T12:15:06Z,2025-08-29T14:19:57Z,Python,0,11,663,0.98,185
continuedev,continue,28638,2023-05-24T03:39:39Z,2025-08-29T14:12:18Z,TypeScript,423,747,2949,0.80,2917
Ebazhanov,linkedin-skill-assessments-quizzes,28637,2019-07-13T19:52:56Z,2025-08-29T03:05:57Z,Unknown,1,84,807,0.91,5638
grafana,k6,28626,2016-03-21T15:30:24Z,2025-08-29T10:40:53Z,Go,78,723,1679,0.70,2179
kenwheeler,slick,28618,2014-03-24T02:10:05Z,2025-08-29T12:25:02Z,JavaScript,48,1197,2423,0.67,258
ZuzooVn,machine-learning-for-software-engineers,28582,2016-10-09T21:20:25Z,2025-08-28T22:36:42Z,Unknown,0,17,9,0.35,60
valinet,ExplorerPatcher,28578,2021-08-09T14:17:24Z,2025-08-29T13:43:55Z,C,288,274,2197,0.89,18
immerjs,immer,28567,2017-12-29T12:25:47Z,2025-08-29T05:21:55Z,JavaScript,109,35,633,0.95,374
AvaloniaUI,Avalonia,28556,2013-12-05T20:13:21Z,2025-08-29T12:26:43Z,C#,110,1721,6166,0.78,5332
vercel,turborepo,28533,2021-10-05T17:37:11Z,2025-08-29T14:16:08Z,Rust,497,126,1811,0.93,6248
openai,openai-python,28520,2020-10-25T23:23:54Z,2025-08-29T13:15:57Z,Python,321,87,996,0.92,997
containers,podman,28512,2017-11-01T15:01:27Z,2025-08-29T13:28:49Z,Go,228,785,9261,0.92,11725
sunface,rust-course,28509,2018-08-07T05:01:21Z,2025-08-29T13:23:02Z,Rust,0,62,149,0.71,784
jumpserver,jumpserver,28507,2014-07-04T03:54:59Z,2025-08-29T14:04:33Z,Python,252,30,7304,1.00,7579
donnemartin,data-science-ipython-notebooks,28492,2015-01-23T19:38:29Z,2025-08-29T14:01:04Z,Python,0,19,22,0.54,31
shengxinjing,programmer-job-blacklist,28458,2016-06-25T06:09:10Z,2025-08-29T09:44:20Z,Shell,0,157,181,0.54,28
LizardByte,Sunshine,28453,2021-12-15T23:38:57Z,2025-08-29T13:53:02Z,C++,43,82,986,0.92,1474
vuejs,vuex,28432,2015-07-16T04:21:26Z,2025-08-29T08:35:33Z,JavaScript,51,99,1165,0.92,656
openssl,openssl,28416,2013-01-15T22:34:48Z,2025-08-29T13:35:18Z,C,283,1319,9452,0.88,145
helm,helm,28403,2015-10-06T01:07:32Z,2025-08-29T12:11:13Z,Go,216,473,7684,0.94,4125
telegramdesktop,tdesktop,28392,2014-05-02T12:36:31Z,2025-08-29T12:23:46Z,C++,799,884,14374,0.94,1749
VSCodium,vscodium,28388,2018-08-13T14:26:58Z,2025-08-29T13:53:34Z,Shell,240,120,1396,0.92,549
codepath,android_guides,28376,2013-06-19T10:24:45Z,2025-08-27T21:03:51Z,Unknown,0,162,219,0.57,9
jamiebuilds,the-super-tiny-compiler,28340,2016-03-11T04:19:18Z,2025-08-28T12:06:21Z,JavaScript,0,0,0,0.00,20
viraptor,reverse-interview,28325,2019-09-08T13:38:40Z,2025-08-28T21:33:56Z,Unknown,0,7,18,0.72,75
MichaelCade,90DaysOfDevOps,28317,2021-12-26T13:55:18Z,2025-08-29T11:55:02Z,Shell,2,9,80,0.90,358
datalab-to,marker,28286,2023-10-30T20:14:08Z,2025-08-29T14:18:53Z,Python,64,270,292,0.52,201
linera-io,linera-protocol,28261,2021-12-19T04:09:21Z,2025-08-29T14:12:33Z,Rust,18,476,781,0.62,2717
eugeneyan,applied-ml,28259,2020-07-04T18:57:47Z,2025-08-29T06:14:10Z,Unknown,0,2,22,0.92,208
GitbookIO,gitbook,28239,2014-03-31T03:01:56Z,2025-08-29T14:10:33Z,TypeScript,82,28,1884,0.99,1323
NginxProxyManager,nginx-proxy-manager,28226,2017-12-20T23:01:16Z,2025-08-29T13:46:57Z,JavaScript,77,914,2086,0.70,530
caolan,async,28222,2010-06-01T21:01:30Z,2025-08-28T07:05:04Z,JavaScript,7,10,1132,0.99,558
alibaba,druid,28187,2011-11-03T05:12:51Z,2025-08-29T01:23:31Z,Java,51,2254,2285,0.50,1520
digitalocean,nginxconfig.io,28179,2018-01-05T14:21:14Z,2025-08-28T08:36:48Z,JavaScript,0,55,184,0.77,191
dnSpy,dnSpy,28111,2015-07-01T16:05:10Z,2025-08-29T13:17:50Z,C#,1,0,0,0.00,53
BerriAI,litellm,28104,2023-07-27T00:09:52Z,2025-08-29T13:33:50Z,Python,993,892,5782,0.87,5403
jashkenas,backbone,28103,2010-09-30T19:41:28Z,2025-08-28T07:05:06Z,JavaScript,0,42,2364,0.98,881
swagger-api,swagger-ui,28087,2011-07-15T22:56:39Z,2025-08-29T09:23:24Z,JavaScript,377,1209,4428,0.79,3309
python-telegram-bot,python-telegram-bot,28078,2015-07-07T15:30:39Z,2025-08-29T13:04:24Z,Python,127,15,2264,0.99,1637
aquasecurity,trivy,28076,2019-04-11T01:01:07Z,2025-08-29T12:36:38Z,Go,171,163,2756,0.94,3195
zhiwehu,Python-programming-exercises,28074,2012-06-14T07:56:46Z,2025-08-29T04:39:52Z,Unknown,0,68,17,0.20,0
acheong08,ChatGPT,28026,2022-12-03T14:35:24Z,2025-08-29T09:46:32Z,Python,277,11,792,0.99,292
mobxjs,mobx,28020,2015-03-14T14:31:38Z,2025-08-29T04:40:12Z,TypeScript,113,59,1914,0.97,1152
JedWatson,react-select,28010,2014-08-26T04:27:45Z,2025-08-29T12:47:51Z,TypeScript,61,381,3248,0.90,1054
frappe,erpnext,28008,2011-06-08T08:20:56Z,2025-08-29T14:12:49Z,Python,1000,2274,14533,0.86,26500
nagadomi,waifu2x,28006,2015-05-17T07:29:15Z,2025-08-29T09:33:51Z,Lua,3,152,216,0.59,68
upstash,context7,27984,2025-03-26T23:40:39Z,2025-08-29T14:18:20Z,JavaScript,12,79,402,0.84,101
raysan5,raylib,27941,2013-10-24T15:46:04Z,2025-08-29T13:59:24Z,C,24,21,2014,0.99,2173
ChartsOrg,Charts,27939,2015-03-20T10:49:12Z,2025-08-29T07:04:42Z,Swift,38,890,3388,0.79,427
lenve,vhr,27924,2018-01-04T08:57:51Z,2025-08-29T10:10:07Z,Java,0,157,97,0.38,1
sxyazi,yazi,27887,2023-07-08T11:45:55Z,2025-08-29T14:22:31Z,Rust,27,41,1385,0.97,959
nginx,nginx,27866,2015-06-23T10:26:27Z,2025-08-29T11:36:48Z,C,8,181,173,0.49,95
t3-oss,create-t3-app,27862,2022-05-24T13:31:01Z,2025-08-29T14:21:30Z,TypeScript,138,64,675,0.91,1114
qianguyihao,Web,27859,2017-01-03T11:44:33Z,2025-08-29T09:37:07Z,Unknown,0,70,156,0.69,0
tailwindlabs,headlessui,27857,2020-09-16T09:53:09Z,2025-08-29T09:11:52Z,TypeScript,127,113,1288,0.92,619
google,python-fire,27854,2017-02-21T21:35:07Z,2025-08-29T08:00:44Z,Python,12,126,207,0.62,135
geekcompany,ResumeSample,27825,2014-09-08T08:08:13Z,2025-08-29T08:40:22Z,Unknown,0,0,0,0.00,2
michalsnik,aos,27816,2015-07-09T17:49:00Z,2025-08-29T14:18:33Z,JavaScript,0,344,360,0.51,38
kingToolbox,WindTerm,27812,2019-10-09T19:56:09Z,2025-08-29T13:23:28Z,C,32,2183,567,0.21,1
CamDavidsonPilon,Probabilistic-Programming-and-Bayesian-Methods-for-Hackers,27789,2013-01-14T15:46:28Z,2025-08-29T09:41:59Z,Jupyter Notebook,0,157,90,0.36,243
JaidedAI,EasyOCR,27775,2020-03-14T11:46:39Z,2025-08-29T09:11:50Z,Python,23,465,607,0.57,177
getredash,redash,27704,2013-10-28T13:19:39Z,2025-08-28T19:27:21Z,Python,100,617,1956,0.76,3259
stanfordnlp,dspy,27677,2023-01-09T21:01:51Z,2025-08-29T13:13:00Z,Python,97,186,1089,0.85,1243
flameshot-org,flameshot,27672,2017-05-10T19:44:51Z,2025-08-29T14:23:21Z,C++,30,671,2106,0.76,969
YMFE,yapi,27665,2016-05-30T09:09:09Z,2025-08-29T01:42:41Z,JavaScript,1,1537,922,0.37,141
ossrs,srs,27600,2015-04-29T06:59:32Z,2025-08-29T14:22:27Z,C++,68,227,1314,0.85,513
